Year,Number of Illnesses
2011,2
2011,2
2011,7
2011,2
2011,8
2011,24
2011,29
2011,3
2011,22
2011,2
2011,5
2011,2
2011,6
2011,7
2011,8
2011,28
2011,6
2011,20
2011,5
2011,15
2011,14
2011,54
2011,18
2011,3
2011,10
2011,3
2011,3
2011,111
2011,2
2011,30
2011,13
2011,6
2011,4
2011,38
2011,11
2011,12
2011,3
2011,16
2011,3
2011,24
2011,5
2011,9
2011,10
2011,8
2011,6
2011,22
2011,18
2011,6
2011,352
2011,3
2011,53
2011,13
2011,2
2011,2
2011,2
2011,24
2011,2
2011,13
2011,5
2011,3
2011,43
2011,32
2011,51
2011,14
2011,24
2011,3
2011,2
2011,6
2011,7
2011,6
2011,15
2011,3
2011,19
2011,22
2011,2
2011,78
2011,8
2011,44
2011,2
2011,3
2011,10
2011,5
2011,6
2011,2
2011,2
2011,2
2011,24
2011,18
2011,81
2011,3
2011,80
2011,3
2011,20
2011,4
2011,2
2011,6
2011,4
2011,8
2011,57
2011,23
2011,7
2011,23
2011,6
2011,9
2011,22
2011,207
2011,2
2011,27
2011,8
2011,11
2011,2
2011,4
2011,3
2011,23
2011,2
2011,9
2011,3
2011,2
2011,18
2011,24
2011,18
2011,8
2011,21
2011,57
2011,41
2011,4
2011,2
2011,3
2011,2
2011,2
2011,3
2011,2
2011,2
2011,14
2011,36
2011,11
2011,13
2011,3
2011,7
2011,81
2011,8
2011,4
2011,7
2011,8
2011,19
2011,14
2011,6
2011,3
2011,3
2011,6
2011,13
2011,20
2011,19
2011,61
2011,29
2011,9
2011,5
2011,32
2011,13
2011,6
2011,10
2011,14
2011,3
2011,4
2011,6
2011,3
2011,4
2011,3
2011,24
2011,53
2011,13
2011,4
2011,21
2011,3
2011,197
2011,28
2011,4
2011,19
2011,13
2011,11
2011,50
2011,3
2011,115
2011,2
2011,8
2011,13
2011,12
2011,7
2011,2
2011,6
2011,90
2011,17
2011,4
2011,37
2011,25
2011,2
2011,39
2011,5
2011,12
2011,12
2011,2
2011,15
2011,30
2011,3
2011,27
2011,71
2011,4
2011,2
2011,2
2011,33
2011,36
2011,7
2011,15
2011,2
2011,13
2011,16
2011,80
2011,7
2011,17
2011,9
2011,7
2011,4
2011,3
2011,14
2011,12
2011,13
2011,5
2011,7
2011,5
2011,23
2011,21
2011,4
2011,21
2011,12
2011,5
2011,2
2011,4
2011,2
2011,15
2011,5
2011,3
2011,16
2011,9
2011,14
2011,19
2011,5
2011,4
2011,2
2011,2
2011,2
2011,19
2011,7
2011,5
2011,2
2011,11
2011,16
2011,6
2011,25
2011,10
2011,25
2011,21
2011,30
2011,18
2011,5
2011,9
2011,2
2011,2
2011,2
2011,312
2011,6
2011,10
2011,9
2011,10
2011,19
2011,17
2011,4
2011,2
2011,2
2011,2
2011,8
2011,14
2011,8
2011,3
2011,21
2011,4
2011,3
2011,32
2011,50
2011,16
2011,9
2011,11
2011,3
2011,22
2011,48
2011,21
2011,57
2011,7
2011,18
2011,54
2011,8
2011,3
2011,2
2011,37
2011,40
2011,58
2011,9
2011,3
2011,8
2011,18
2011,5
2011,2
2011,209
2011,13
2011,2
2011,12
2011,4
2011,42
2011,7
2011,6
2011,4
2011,2
2011,10
2011,31
2011,7
2011,6
2011,15
2011,21
2011,26
2011,14
2011,4
2011,3
2011,10
2011,11
2011,12
2011,5
2011,6
2011,3
2011,2
2011,15
2011,50
2011,2
2011,3
2011,17
2011,3
2011,12
2011,2
2011,3
2011,12
2011,8
2011,5
2011,3
2011,25
2011,4
2011,12
2011,31
2011,2
2011,42
2011,15
2011,27
2011,7
2011,5
2011,99
2011,12
2011,29
2011,6
2011,3
2011,8
2011,35
2011,2
2011,15
2011,16
2011,15
2011,37
2011,152
2011,7
2011,7
2011,4
2011,2
2011,3
2011,50
2011,3
2011,100
2011,7
2011,27
2011,7
2011,2
2011,12
2011,4
2011,4
2011,35
2011,3
2011,9
2011,35
2011,4
2011,49
2011,2
2011,3
2011,9
2011,17
2011,29
2011,6
2011,15
2011,4
2011,5
2011,4
2011,9
2011,4
2011,64
2011,8
2011,15
2011,5
2011,2
2011,3
2011,3
2011,2
2011,24
2011,2
2011,2
2011,5
2011,5
2011,2
2011,4
2011,7
2011,8
2011,48
2011,6
2011,2
2011,6
2011,8
2011,10
2011,4
2011,3
2011,12
2011,23
2011,8
2011,5
2011,5
2011,4
2011,48
2011,13
2011,68
2011,20
2011,3
2011,5
2011,38
2011,5
2011,16
2011,6
2011,8
2011,2
2011,2
2011,6
2011,7
2011,7
2011,9
2011,3
2011,12
2011,3
2011,11
2011,32
2011,7
2011,4
2011,2
2011,4
2011,13
2011,2
2011,8
2011,12
2011,12
2011,11
2011,14
2011,2
2011,60
2011,6
2011,3
2011,5
2011,3
2011,2
2011,4
2011,35
2011,101
2011,15
2011,10
2011,30
2011,3
2011,3
2011,13
2011,23
2011,3
2011,28
2011,5
2011,6
2011,7
2011,7
2011,3
2011,3
2011,6
2011,4
2011,4
2011,11
2011,19
2011,4
2011,7
2011,10
2011,3
2011,2
2011,32
2011,35
2011,3
2011,8
2011,7
2011,4
2011,3
2011,14
2011,2
2011,5
2011,2
2011,3
2011,6
2011,13
2011,24
2011,4
2011,15
2011,15
2011,6
2011,38
2011,12
2011,9
2011,9
2011,21
2011,3
2011,8
2011,3
2011,27
2011,40
2011,3
2011,4
2011,50
2011,2
2011,7
2011,33
2011,158
2011,4
2011,43
2011,4
2011,3
2011,2
2011,2
2011,2
2011,2
2011,3
2011,3
2011,7
2011,2
2011,3
2011,8
2011,5
2011,8
2011,23
2011,13
2011,4
2011,7
2011,14
2011,6
2011,10
2011,62
2011,12
2011,20
2011,3
2011,17
2011,15
2011,6
2011,4
2011,21
2011,20
2011,21
2011,30
2011,136
2011,18
2011,18
2011,48
2011,22
2011,11
2011,22
2011,47
2011,16
2011,25
2011,15
2011,10
2011,45
2011,100
2011,4
2011,2
2011,15
2011,7
2011,14
2011,21
2011,7
2011,3
2011,8
2011,11
2011,11
2011,9
2011,6
2011,4
2011,3
2011,16
2011,4
2011,17
2011,4
2011,4
2011,45
2011,10
2011,10
2011,18
2011,22
2011,11
2011,6
2011,23
2011,17
2011,7
2011,20
2011,18
2011,14
2011,3
2011,11
2011,7
2012,18
2011,35
2011,10
2011,8
2011,9
2011,9
2011,10
2011,4
2011,12
2011,20
2012,196
2011,2
2011,7
2012,2
2011,23
2012,41
2012,7
2012,9
2011,18
2011,2
2011,3
2011,33
2011,54
2012,21
2012,3
2012,10
2012,4
2011,5
2011,9
2012,7
2011,40
2012,4
2012,13
2011,6
2012,15
2012,2
2011,24
2012,4
2011,49
2011,11
2012,8
2011,9
2012,3
2012,4
2012,3
2011,11
2012,3
2012,14
2012,8
2012,7
2011,5
2011,2
2011,6
2012,10
2012,12
2011,8
2011,4
2011,5
2012,6
2012,12
2011,18
2011,5
2011,25
2011,3
2011,6
2011,4
2011,3
2011,2
2012,74
2012,9
2012,2
2011,2
2011,2
2011,21
2011,2
2012,3
2012,2
2012,13
2011,2
2011,16
2011,5
2011,5
2012,18
2012,8
2012,2
2011,10
2011,17
2012,16
2012,22
2012,15
2012,6
2011,4
2011,9
2011,2
2011,10
2011,2
2011,5
2011,5
2011,4
2012,6
2012,7
2011,28
2011,14
2011,14
2012,20
2012,141
2012,9
2012,17
2012,8
2011,2
2012,4
2012,17
2011,10
2012,4
2012,2
2012,4
2012,29
2011,8
2011,9
2011,12
2012,3
2011,3
2012,17
2011,22
2011,11
2011,32
2012,8
2012,2
2011,210
2011,2
2011,5
2012,2
2011,22
2012,9
2012,42
2012,4
2012,6
2012,3
2012,3
2012,11
2011,3
2012,13
2012,6
2012,14
2012,21
2011,2
2011,3
2011,9
2011,10
2011,25
2012,23
2011,5
2011,2
2012,8
2012,2
2011,2
2012,103
2012,7
2012,6
2012,11
2012,14
2012,11
2012,5
2012,2
2012,3
2012,3
2012,2
2012,2
2012,7
2011,13
2012,6
2012,29
2012,2
2012,2
2012,2
2012,3
2011,87
2011,4
2011,18
2011,9
2011,8
2012,9
2012,29
2011,38
2011,13
2011,42
2011,30
2011,22
2012,9
2012,8
2012,19
2011,27
2011,2
2011,2
2011,26
2012,31
2012,3
2012,9
2011,18
2011,20
2011,4
2011,22
2012,2
2011,6
2012,25
2012,14
2011,60
2011,6
2012,18
2012,5
2012,20
2012,22
2012,8
2012,27
2012,9
2012,23
2011,2
2011,8
2012,7
2012,9
2012,58
2012,14
2011,5
2011,11
2011,19
2011,4
2012,2
2012,19
2012,24
2012,14
2012,3
2012,16
2012,5
2011,7
2012,12
2012,2
2011,33
2012,7
2011,6
2012,11
2012,35
2011,14
2012,11
2012,10
2012,10
2012,19
2011,8
2012,8
2012,3
2012,13
2012,10
2011,2
2012,15
2011,6
2011,4
2012,22
2012,8
2012,2
2012,4
2012,2
2012,3
2012,8
2012,7
2012,9
2011,5
2012,5
2012,5
2012,29
2012,6
2012,16
2012,6
2012,5
2011,19
2012,3
2012,5
2012,35
2012,11
2012,2
2012,8
2012,2
2012,3
2011,22
2012,3
2012,4
2012,9
2012,8
2012,3
2012,2
2012,8
2012,3
2012,2
2012,2
2012,26
2012,55
2012,2
2012,20
2012,30
2012,3
2012,25
2012,3
2012,3
2012,4
2012,3
2012,7
2012,11
2011,8
2012,17
2012,2
2012,11
2012,6
2012,14
2012,5
2012,6
2012,9
2012,10
2012,6
2012,4
2012,4
2012,3
2012,2
2012,4
2012,28
2012,5
2012,8
2012,25
2012,9
2012,5
2012,3
2011,18
2012,15
2012,56
2012,5
2012,58
2012,20
2012,2
2011,20
2012,5
2012,14
2012,4
2012,21
2012,11
2012,70
2012,18
2012,4
2012,200
2011,17
2011,6
2011,88
2011,23
2012,6
2012,7
2012,7
2012,5
2012,7
2012,13
2012,15
2012,2
2012,2
2012,8
2012,14
2012,18
2012,8
2012,2
2012,4
2012,10
2012,13
2012,2
2012,10
2012,2
2012,11
2012,17
2012,7
2012,25
2012,15
2012,5
2012,5
2012,60
2012,5
2012,6
2012,4
2012,108
2012,8
2012,15
2012,189
2012,13
2012,33
2012,10
2012,9
2012,24
2011,4
2012,9
2012,14
2012,17
2012,20
2012,18
2012,14
2012,3
2012,5
2011,147
2012,2
2012,56
2012,5
2012,6
2012,5
2012,19
2012,3
2012,8
2012,10
2012,14
2012,2
2012,2
2012,3
2012,89
2012,3
2012,131
2012,9
2012,12
2012,33
2012,81
2011,72
2011,8
2012,2
2012,19
2012,3
2012,2
2012,8
2012,2
2012,15
2012,7
2011,3
2012,21
2012,11
2012,4
2011,9
2012,11
2012,54
2012,77
2012,2
2012,2
2012,5
2012,3
2012,6
2012,3
2012,4
2011,26
2012,237
2012,4
2012,42
2012,8
2011,93
2011,6
2012,2
2012,3
2011,10
2012,7
2012,3
2012,24
2012,2
2012,2
2012,35
2012,2
2012,6
2012,24
2012,244
2012,14
2012,9
2011,20
2012,2
2012,5
2012,9
2012,3
2012,7
2012,10
2011,14
2012,51
2012,6
2012,2
2012,7
2012,7
2011,106
2012,11
2012,3
2012,3
2012,3
2012,3
2012,4
2012,102
2012,12
2012,5
2012,14
2012,12
2012,3
2012,16
2012,15
2012,12
2012,27
2012,22
2012,2
2012,8
2012,10
2012,10
2012,10
2012,6
2012,66
2012,2
2012,5
2012,3
2012,4
2012,8
2012,5
2012,2
2012,23
2012,18
2012,66
2012,3
2012,63
2012,11
2012,18
2012,8
2012,24
2012,11
2012,48
2012,7
2012,27
2012,18
2012,4
2012,32
2012,11
2012,9
2012,22
2012,16
2011,190
2012,22
2012,37
2012,15
2012,5
2012,3
2011,60
2012,6
2011,20
2012,2
2012,4
2012,2
2012,3
2012,4
2012,2
2012,84
2012,6
2012,10
2012,4
2012,37
2012,13
2012,5
2011,10
2012,2
2011,5
2012,3
2012,5
2012,13
2012,7
2012,6
2012,2
2012,2
2012,7
2012,11
2012,14
2012,22
2012,17
2012,45
2012,25
2012,3
2012,9
2012,6
2012,2
2012,3
2012,123
2011,26
2012,2
2012,18
2012,20
2012,2
2012,2
2012,19
2011,25
2012,7
2012,13
2012,4
2012,2
2012,8
2012,16
2012,5
2012,5
2012,10
2012,10
2011,27
2011,53
2011,181
2012,6
2012,5
2012,17
2012,23
2012,7
2012,7
2012,11
2012,36
2012,21
2012,2
2012,60
2012,4
2012,16
2012,8
2012,3
2012,10
2012,6
2012,7
2012,2
2012,52
2011,2
2012,21
2012,12
2012,2
2012,2
2012,11
2012,25
2012,2
2012,14
2012,6
2012,11
2012,4
2012,180
2012,19
2012,3
2012,2
2012,9
2012,27
2012,9
2012,4
2012,52
2012,7
2012,53
2012,7
2012,2
2012,3
2012,22
2012,35
2012,12
2012,15
2012,47
2012,5
2012,12
2012,24
2012,5
2012,3
2011,24
2012,9
2012,12
2012,22
2012,7
2012,18
2012,22
2012,91
2012,2
2012,4
2012,2
2012,39
2012,7
2012,2
2012,20
2012,8
2012,5
2012,3
2011,209
2012,28
2011,70
2012,37
2011,15
2012,50
2012,2
2012,4
2012,8
2012,2
2012,29
2012,9
2012,43
2012,10
2012,25
2012,16
2012,5
2012,21
2012,3
2012,4
2012,16
2012,13
2012,14
2012,16
2012,33
2012,90
2012,117
2012,22
2012,22
2012,20
2012,6
2012,8
2012,2
2012,4
2012,3
2012,10
2012,2
2012,7
2012,13
2012,3
2012,27
2012,2
2012,3
2012,2
2012,25
2012,38
2012,20
2012,2
2012,8
2012,23
2012,29
2012,11
2012,2
2012,7
2012,66
2012,12
2012,21
2012,20
2012,4
2012,6
2012,5
2012,7
2012,18
2012,2
2012,121
2012,125
2012,3
2012,8
2012,26
2012,49
2012,4
2012,2
2012,4
2012,4
2012,6
2012,8
2012,13
2012,12
2012,22
2012,11
2012,43
2012,14
2012,7
2012,3
2012,61
2012,10
2011,166
2012,12
2012,2
2012,7
2012,5
2012,7
2012,12
2012,7
2012,26
2012,10
2012,5
2012,4
2012,7
2012,23
2012,21
2012,19
2012,4
2012,7
2012,143
2012,14
2012,282
2012,71
2012,14
2012,4
2012,3
2012,4
2012,28
2012,3
2012,9
2012,3
2013,36
2012,7
2012,7
2013,33
2013,5
2012,31
2012,5
2012,2
2012,17
2012,3
2012,6
2013,3
2012,6
2013,3
2012,3
2012,4
2012,2
2012,2
2012,3
2012,3
2012,2
2012,5
2012,2
2012,3
2013,10
2012,5
2012,3
2012,7
2012,7
2011,12
2013,8
2012,3
2012,2
2012,7
2013,10
2012,4
2012,21
2013,22
2013,14
2012,12
2013,50
2013,4
2013,10
2013,12
2013,3
2013,6
2013,22
2012,3
2012,3
2012,7
2012,28
2011,24
2012,9
2012,5
2012,25
2012,14
2012,3
2012,62
2013,5
2013,8
2012,4
2012,25
2012,18
2012,10
2013,4
2012,2
2013,4
2013,15
2012,2
2013,2
2012,5
2012,8
2012,17
2012,33
2013,6
2012,9
2012,32
2013,30
2013,9
2013,52
2012,22
2012,12
2013,5
2013,19
2012,2
2013,5
2012,43
2012,3
2013,2
2012,4
2013,66
2013,3
2013,18
2013,23
2013,2
2013,2
2013,8
2013,3
2012,17
2013,6
2013,23
2013,11
2012,17
2013,2
2013,2
2013,25
2012,16
2012,5
2012,12
2012,8
2012,3
2012,8
2012,4
2012,5
2012,31
2012,11
2013,2
2012,25
2013,4
2012,8
2013,55
2013,2
2013,8
2013,7
2013,12
2012,15
2012,10
2012,12
2013,25
2012,3
2013,21
2012,3
2012,35
2012,7
2012,29
2012,8
2012,37
2012,2
2013,3
2012,11
2012,6
2013,4
2013,18
2012,32
2012,4
2013,9
2013,4
2013,11
2013,38
2012,2
2012,23
2012,5
2013,4
2012,28
2012,7
2012,33
2012,9
2012,8
2012,28
2012,2
2012,17
2012,8
2012,14
2013,22
2012,46
2012,4
2012,8
2012,12
2012,11
2013,3
2013,8
2013,2
2013,22
2013,10
2011,8
2013,10
2013,23
2013,2
2012,2
2012,2
2012,9
2013,7
2012,22
2013,2
2013,4
2012,27
2012,29
2012,7
2013,34
2012,7
2013,29
2013,62
2012,6
2013,42
2013,5
2012,14
2011,29
2013,7
2013,20
2012,15
2012,425
2013,7
2012,49
2012,6
2012,3
2013,2
2013,5
2013,12
2013,14
2013,29
2013,16
2013,8
2012,4
2012,12
2012,24
2013,6
2013,34
2013,6
2013,17
2012,261
2013,3
2011,23
2013,12
2011,14
2013,14
2013,3
2012,49
2012,21
2013,12
2012,365
2012,2
2013,6
2012,4
2012,4
2012,6
2013,4
2012,9
2012,4
2013,6
2012,2
2012,28
2012,7
2012,4
2012,51
2013,14
2013,2
2012,5
2013,11
2013,3
2013,8
2013,29
2012,16
2012,33
2012,22
2012,24
2012,19
2013,20
2013,9
2013,4
2013,58
2012,6
2012,21
2012,17
2013,28
2012,2
2012,33
2013,22
2013,57
2013,4
2013,5
2012,6
2012,129
2013,9
2013,5
2012,23
2013,7
2013,4
2012,2
2012,7
2013,6
2012,42
2012,16
2013,35
2013,8
2013,3
2012,2
2013,8
2013,20
2012,2
2012,3
2012,7
2012,4
2013,26
2013,14
2012,59
2013,2
2013,35
2013,3
2013,15
2013,7
2013,8
2013,2
2013,7
2013,40
2013,3
2013,2
2013,63
2013,26
2013,10
2013,32
2013,9
2013,28
2013,22
2013,33
2013,2
2013,28
2013,22
2012,7
2012,58
2013,8
2013,11
2013,6
2013,3
2012,3
2012,3
2012,14
2013,18
2013,2
2012,8
2012,5
2013,2
2012,217
2013,10
2012,6
2013,6
2013,15
2012,4
2013,7
2012,8
2013,31
2013,2
2013,4
2013,27
2013,17
2012,134
2013,6
2013,2
2013,13
2013,3
2013,5
2013,6
2013,4
2013,6
2013,3
2013,11
2013,13
2013,6
2013,16
2013,20
2012,58
2013,68
2013,35
2013,2
2013,16
2013,36
2012,14
2013,4
2013,15
2012,52
2013,40
2013,15
2013,4
2013,2
2012,4
2012,3
2013,2
2013,3
2012,15
2013,59
2013,16
2013,16
2013,48
2013,10
2013,2
2013,3
2013,8
2013,2
2013,3
2013,12
2013,5
2013,17
2013,59
2013,46
2013,3
2013,8
2012,14
2013,2
2013,2
2013,2
2013,55
2013,4
2013,13
2013,9
2013,3
2013,21
2013,28
2013,35
2013,12
2013,9
2013,33
2013,17
2013,24
2013,16
2013,7
2013,6
2013,13
2013,31
2013,8
2012,9
2013,135
2013,19
2013,16
2013,9
2013,17
2012,12
2013,9
2013,4
2013,30
2013,45
2013,8
2013,6
2013,5
2013,2
2013,2
2012,3
2012,15
2013,84
2013,117
2013,3
2012,3
2013,10
2013,5
2013,28
2013,51
2013,9
2013,27
2013,10
2013,25
2013,2
2012,7
2013,9
2013,20
2013,57
2013,3
2013,6
2013,32
2013,2
2013,6
2012,2
2013,11
2013,2
2013,2
2013,32
2013,9
2013,7
2013,3
2013,13
2013,26
2013,2
2013,6
2013,25
2013,2
2013,2
2013,8
2013,9
2013,6
2013,26
2013,7
2013,17
2013,8
2013,27
2013,4
2013,30
2013,11
2013,3
2013,4
2013,3
2013,19
2013,4
2013,28
2013,9
2013,31
2013,17
2012,148
2013,333
2013,2
2013,5
2013,13
2013,12
2013,4
2013,7
2013,10
2013,29
2013,6
2013,7
2013,4
2013,3
2013,7
2013,3
2013,8
2013,14
2013,2
2013,11
2013,91
2013,2
2013,43
2013,5
2013,3
2013,3
2013,2
2013,4
2013,22
2013,7
2013,13
2013,2
2013,11
2013,4
2013,12
2013,16
2013,48
2013,5
2013,15
2013,34
2012,4
2013,4
2013,8
2013,20
2013,4
2013,2
2013,9
2013,6
2013,30
2013,6
2013,14
2013,6
2013,7
2013,2
2013,4
2013,21
2013,4
2013,8
2013,119
2013,2
2013,2
2013,2
2013,4
2013,3
2013,6
2013,7
2013,2
2013,7
2012,35
2012,4
2012,8
2013,22
2013,12
2013,6
2013,32
2013,4
2013,2
2013,11
2013,11
2013,100
2013,41
2013,34
2013,183
2013,2
2013,3
2013,7
2013,7
2013,7
2013,2
2013,10
2013,5
2013,36
2013,41
2013,10
2013,16
2013,10
2013,3
2013,3
2013,6
2013,7
2013,7
2013,24
2013,7
2012,61
2013,4
2013,5
2013,2
2013,16
2013,32
2013,2
2013,5
2013,4
2013,9
2013,5
2013,97
2013,2
2013,8
2013,11
2013,18
2013,7
2013,12
2013,19
2013,8
2013,6
2013,25
2013,34
2013,14
2013,3
2013,5
2013,11
2013,2
2013,7
2013,2
2013,2
2013,59
2013,40
2013,23
2013,22
2013,14
2013,27
2013,16
2013,15
2013,38
2013,7
2013,3
2013,10
2013,2
2013,2
2013,2
2013,4
2013,5
2013,16
2013,2
2013,13
2013,11
2013,13
2013,50
2013,4
2013,2
2013,10
2013,2
2013,7
2013,34
2013,8
2013,2
2013,2
2013,13
2012,15
2013,4
2011,67
2013,12
2013,4
2013,8
2013,3
2013,8
2013,17
2013,161
2013,26
2013,16
2013,3
2013,11
2013,8
2013,3
2013,3
2013,2
2013,28
2013,4
2013,5
2013,3
2013,31
2013,9
2013,3
2013,15
2013,4
2013,3
2013,3
2013,7
2013,2
2013,35
2013,6
2012,10
2013,11
2013,9
2013,15
2013,13
2013,7
2013,2
2013,11
2013,4
2013,10
2013,4
2013,14
2013,14
2013,2
2013,3
2013,9
2013,5
2013,15
2013,9
2013,5
2013,2
2013,4
2013,13
2013,19
2013,10
2013,94
2013,9
2013,4
2013,19
2013,3
2013,32
2013,3
2013,20
2013,16
2013,2
2013,6
2013,6
2013,9
2013,24
2013,3
2013,3
2013,3
2013,16
2013,4
2013,2
2013,16
2013,5
2013,7
2013,15
2013,2
2013,5
2013,4
2013,24
2013,43
2013,2
2013,4
2013,9
2013,3
2013,64
2013,30
2013,7
2013,15
2013,139
2013,6
2013,5
2013,6
2013,131
2013,7
2013,3
2013,3
2013,63
2013,6
2013,5
2013,47
2013,6
2013,4
2013,11
2013,4
2013,6
2013,13
2013,3
2013,215
2013,75
2013,25
2013,4
2013,6
2013,23
2013,2
2013,7
2013,57
2013,12
2013,6
2013,5
2013,3
2013,17
2013,52
2013,3
2013,18
2013,22
2013,21
2013,3
2013,8
2013,3
2013,5
2013,7
2013,5
2013,3
2013,2
2013,8
2013,14
2013,5
2013,5
2013,43
2013,25
2013,5
2013,131
2013,19
2013,97
2013,7
2013,9
2013,14
2013,53
2013,21
2013,37
2013,14
2013,3
2013,72
2013,6
2013,2
2013,2
2013,5
2013,17
2013,8
2013,39
2013,14
2014,6
2014,8
2013,2
2013,7
2013,9
2013,6
2013,3
2013,22
2013,12
2013,3
2013,4
2013,31
2013,8
2013,19
2013,14
2013,7
2013,27
2013,6
2013,2
2013,11
2013,3
2013,7
2013,4
2013,45
2013,157
2014,17
2013,62
2013,16
2013,6
2012,35
2013,56
2014,2
2013,11
2014,34
2014,19
2014,7
2014,8
2013,6
2013,13
2013,21
2013,2
2013,12
2014,17
2013,4
2013,9
2013,13
2013,3
2013,9
2013,4
2013,2
2013,11
2013,4
2013,11
2013,5
2013,3
2013,13
2014,5
2014,6
2013,33
2014,3
2013,8
2013,2
2013,10
2013,5
2013,9
2013,14
2013,5
2014,14
2013,3
2013,22
2014,225
2014,16
2013,6
2013,6
2013,6
2014,13
2014,2
2013,6
2013,19
2014,4
2014,37
2014,4
2014,3
2014,12
2014,6
2013,3
2014,2
2014,8
2014,6
2014,4
2014,12
2014,15
2013,7
2013,2
2014,36
2013,32
2014,20
2014,62
2013,10
2013,5
2013,5
2013,3
2013,9
2014,4
2014,4
2013,32
2013,27
2014,2
2013,3
2013,6
2013,20
2013,10
2013,3
2014,8
2013,3
2013,14
2013,15
2013,23
2013,4
2014,4
2011,5
2013,13
2014,7
2013,8
2013,37
2014,2
2013,12
2013,30
2014,2
2014,20
2013,6
2013,5
2013,4
2013,14
2014,4
2013,2
2013,5
2013,8
2014,4
2014,2
2014,8
2013,18
2014,8
2014,10
2014,25
2014,2
2014,44
2014,3
2014,2
2013,634
2014,44
2013,7
2013,3
2013,2
2013,2
2013,11
2013,16
2013,6
2013,3
2013,9
2013,8
2013,5
2013,5
2014,2
2013,7
2013,10
2014,2
2013,4
2013,10
2013,15
2014,14
2013,20
2014,6
2014,9
2014,32
2014,12
2014,3
2014,23
2014,5
2014,3
2014,2
2014,16
2014,6
2014,21
2013,2
2014,2
2013,6
2013,10
2013,4
2013,12
2014,6
2014,12
2014,2
2014,14
2013,137
2014,2
2014,8
2014,3
2014,4
2014,6
2014,21
2014,3
2014,13
2014,3
2013,5
2014,7
2014,3
2014,3
2014,4
2014,22
2013,3
2014,4
2013,3
2013,8
2014,8
2013,5
2014,4
2013,2
2013,2
2013,3
2014,8
2013,42
2013,2
2013,8
2014,7
2014,4
2014,6
2014,14
2014,23
2014,3
2013,19
2013,2
2013,5
2014,4
2014,5
2014,4
2013,4
2014,24
2013,2
2014,9
2013,10
2014,6
2014,12
2014,22
2014,2
2014,5
2014,20
2014,7
2014,8
2014,8
2014,2
2013,10
2014,8
2014,22
2014,3
2013,55
2013,3
2013,33
2013,26
2013,3
2013,8
2013,4
2013,75
2013,5
2013,11
2013,12
2013,3
2013,17
2013,4
2013,25
2013,2
2013,133
2014,2
2014,12
2013,15
2013,27
2014,10
2014,2
2013,5
2014,36
2014,9
2014,64
2014,135
2014,294
2014,25
2014,9
2014,3
2014,15
2014,7
2014,21
2014,9
2014,21
2014,115
2014,8
2014,14
2014,2
2014,19
2014,5
2014,22
2014,2
2014,3
2014,19
2014,5
2013,2
2014,30
2014,4
2014,3
2013,10
2014,8
2014,13
2014,4
2014,15
2014,148
2014,6
2014,11
2014,19
2014,3
2014,21
2013,26
2014,81
2013,57
2013,8
2013,7
2013,4
2013,2
2013,4
2013,2
2013,2
2014,116
2014,28
2014,2
2014,5
2013,2
2013,5
2014,2
2013,2
2014,2
2014,75
2014,2
2014,3
2014,6
2014,2
2014,7
2014,3
2013,4
2013,6
2014,7
2014,13
2013,4
2014,8
2014,35
2014,64
2014,5
2014,11
2014,3
2014,4
2014,6
2014,9
2014,25
2014,6
2014,10
2014,4
2014,4
2014,4
2014,10
2014,17
2014,63
2014,6
2014,8
2014,3
2014,4
2014,5
2014,15
2014,3
2014,9
2014,16
2014,3
2014,2
2014,18
2014,8
2014,34
2014,14
2014,10
2014,7
2014,4
2014,6
2014,2
2014,2
2014,3
2014,7
2014,70
2014,2
2014,12
2014,4
2014,24
2014,15
2014,9
2014,8
2014,7
2014,8
2014,4
2014,32
2014,3
2014,8
2014,17
2014,39
2014,2
2014,33
2014,5
2014,2
2014,4
2013,4
2014,24
2014,9
2014,5
2014,5
2014,3
2014,6
2014,3
2014,3
2014,5
2013,64
2013,7
2014,2
2014,8
2014,3
2014,19
2014,4
2014,3
2014,8
2014,4
2014,46
2014,5
2014,9
2014,11
2014,2
2014,19
2014,2
2014,2
2013,4
2014,2
2014,7
2014,33
2014,2
2014,10
2014,6
2014,4
2014,47
2014,2
2014,4
2014,2
2014,2
2014,2
2014,2
2014,2
2014,10
2014,6
2014,4
2014,5
2014,2
2014,26
2014,8
2014,18
2014,5
2014,26
2014,11
2014,30
2014,8
2014,4
2014,11
2014,7
2014,39
2014,6
2014,2
2014,14
2014,269
2014,20
2013,2
2014,8
2014,2
2014,2
2014,7
2014,3
2014,3
2014,18
2014,2
2014,4
2014,6
2014,6
2014,8
2014,9
2014,8
2014,9
2014,4
2014,6
2014,3
2014,6
2014,4
2014,101
2014,4
2014,167
2014,4
2014,57
2014,15
2014,3
2014,23
2014,16
2014,2
2014,12
2014,16
2014,9
2014,4
2014,3
2014,3
2014,21
2014,6
2014,7
2014,3
2014,11
2014,5
2014,2
2014,94
2014,4
2013,4
2014,3
2014,22
2014,2
2014,21
2014,6
2014,4
2014,4
2014,30
2014,2
2014,21
2014,2
2014,25
2014,20
2014,10
2014,6
2014,5
2014,37
2014,9
2014,3
2014,12
2014,2
2014,5
2014,15
2014,7
2014,2
2014,39
2014,11
2014,52
2014,5
2014,2
2014,2
2014,2
2014,4
2014,8
2014,13
2014,23
2014,8
2014,99
2014,6
2014,11
2014,10
2014,3
2014,3
2014,19
2014,40
2014,3
2014,3
2014,3
2014,18
2014,10
2014,2
2014,2
2014,20
2014,5
2014,37
2014,8
2014,4
2014,10
2014,206
2014,16
2014,46
2014,4
2014,3
2014,2
2014,20
2014,3
2014,3
2014,21
2014,2
2014,4
2014,6
2013,3
2014,4
2014,2
2014,14
2014,11
2014,4
2014,3
2014,10
2014,8
2014,4
2014,54
2014,15
2014,6
2014,2
2014,45
2014,19
2014,13
2014,4
2014,25
2014,5
2014,10
2014,6
2014,2
2014,4
2014,25
2014,30
2014,216
2014,31
2014,40
2014,2
2014,25
2014,12
2014,3
2014,46
2014,4
2014,3
2014,30
2014,8
2014,22
2014,23
2014,2
2014,46
2014,6
2014,3
2014,4
2014,5
2014,29
2014,15
2013,23
2014,2
2014,8
2014,2
2014,12
2014,8
2014,7
2014,2
2014,12
2014,3
2014,2
2014,4
2014,3
2014,5
2014,4
2014,4
2014,19
2014,4
2012,24
2014,5
2014,2
2012,10
2014,3
2014,10
2014,50
2014,8
2013,4
2014,38
2013,33
2014,4
2014,3
2014,4
2014,4
2014,39
2014,91
2014,15
2014,3
2014,5
2014,2
2014,50
2014,3
2014,60
2014,2
2014,7
2014,10
2014,2
2014,26
2014,7
2014,2
2014,7
2014,5
2014,12
2014,23
2014,7
2014,2
2014,2
2014,23
2014,11
2014,4
2014,2
2014,17
2014,3
2014,3
2014,2
2014,4
2014,39
2014,42
2014,2
2014,9
2014,13
2014,2
2014,4
2014,9
2014,75
2014,5
2014,4
2014,39
2014,2
2014,3
2014,43
2014,13
2014,52
2014,19
2014,8
2014,17
2014,5
2014,2
2014,2
2014,35
2014,2
2014,17
2014,31
2014,2
2014,20
2014,3
2014,2
2014,12
2014,6
2014,6
2014,6
2014,9
2014,84
2014,3
2014,4
2014,2
2014,2
2014,8
2013,4
2014,4
2014,40
2014,3
2014,5
2014,5
2014,15
2014,3
2014,16
2014,6
2013,13
2014,2
2014,2
2014,2
2014,4
2014,3
2014,5
2014,14
2014,4
2014,7
2014,3
2014,6
2014,5
2014,7
2014,5
2014,20
2014,6
2014,5
2014,29
2014,8
2014,2
2014,5
2014,9
2014,13
2014,3
2014,275
2014,16
2013,6
2012,7
2014,6
2014,36
2014,2
2014,13
2014,10
2014,19
2014,5
2014,4
2014,30
2014,9
2014,58
2014,4
2014,18
2014,7
2014,4
2014,5
2014,3
2014,2
2014,3
2014,3
2014,141
2014,6
2014,34
2014,11
2014,11
2014,8
2014,176
2014,9
2014,6
2014,40
2014,16
2014,7
2014,43
2014,5
2014,3
2014,31
2014,2
2014,10
2014,4
2014,24
2014,7
2014,3
2014,11
2014,3
2014,4
2014,6
2014,2
2014,2
2014,8
2014,6
2014,10
2014,15
2014,16
2014,12
2015,4
2015,20
2014,15
2015,15
2014,3
2015,3
2014,5
2014,12
2014,6
2014,5
2014,6
2014,3
2014,4
2014,5
2014,20
2015,7
2014,8
2015,9
2014,3
2014,2
2014,2
2014,4
2014,10
2014,3
2014,2
2015,9
2014,9
2014,2
2014,7
2015,4
2015,5
2014,22
2014,2
2014,14
2014,7
2014,5
2015,18
2015,4
2015,5
2014,24
2013,4
2014,56
2014,27
2015,61
2014,6
2013,9
2015,2
2014,4
2014,4
2015,2
2014,4
2014,8
2015,21
2014,26
2014,13
2014,29
2014,40
2015,4
2015,6
2014,3
2015,10
2015,11
2014,33
2015,58
2014,4
2014,5
2015,3
2014,23
2014,24
2014,5
2014,16
2014,115
2015,20
2015,4
2015,7
2014,3
2015,77
2013,38
2014,18
2014,5
2015,28
2014,20
2015,30
2014,3
2015,53
2014,104
2015,2
2015,48
2015,15
2014,10
2015,13
2014,10
2014,45
2014,10
2014,22
2015,10
2014,140
2015,6
2015,3
2015,4
2015,3
2015,4
2014,11
2014,5
2014,3
2014,19
2015,8
2015,8
2015,2
2014,4
2014,2
2014,2
2014,4
2014,30
2015,21
2015,5
2015,2
2015,28
2014,18
2014,6
2014,3
2014,5
2015,20
2014,8
2014,7
2014,3
2015,2
2015,11
2015,5
2014,3
2015,4
2015,2
2014,6
2015,3
2014,13
2014,14
2015,18
2015,3
2014,2
2015,10
2015,26
2015,3
2015,4
2014,9
2014,3
2014,5
2014,25
2014,54
2015,100
2015,2
2014,3
2014,5
2015,4
2015,2
2015,25
2015,35
2015,38
2014,35
2014,12
2015,39
2014,4
2015,86
2015,4
2015,7
2015,60
2014,2
2014,18
2014,12
2014,8
2015,8
2015,4
2015,5
2014,3
2015,9
2014,8
2014,26
2014,23
2015,30
2014,47
2014,27
2015,94
2014,53
2015,2
2015,100
2015,5
2015,6
2014,4
2014,2
2014,3
2014,2
2015,6
2014,2
2015,18
2015,6
2014,5
2014,2
2014,3
2015,2
2014,44
2015,5
2014,3
2015,2
2015,4
2015,5
2015,2
2014,3
2014,16
2014,11
2015,3
2014,144
2015,10
2015,6
2015,3
2015,26
2015,3
2014,2
2014,5
2015,46
2014,26
2014,15
2013,11
2014,2
2014,2
2014,11
2014,3
2014,13
2014,32
2014,3
2014,3
2014,2
2014,7
2014,5
2014,2
2014,2
2014,2
2014,6
2014,7
2014,2
2014,3
2013,9
2015,21
2015,20
2015,11
2015,2
2015,6
2014,36
2014,2
2014,2
2014,2
2014,33
2015,7
2014,5
2015,16
2015,7
2015,6
2015,2
2015,3
2015,9
2015,22
2015,5
2015,2
2015,38
2015,2
2015,2
2015,2
2015,4
2015,2
2015,8
2015,2
2014,55
2015,6
2014,21
2015,4
2014,12
2014,36
2015,59
2015,2
2015,17
2015,8
2015,4
2014,9
2015,15
2015,5
2015,29
2014,4
2015,2
2015,42
2015,8
2015,12
2015,7
2015,6
2014,32
2015,7
2014,3
2015,23
2015,7
2014,16
2015,2
2015,5
2015,5
2014,27
2015,4
2015,11
2015,12
2015,6
2015,2
2015,5
2015,3
2014,2
2015,19
2014,3
2014,2
2014,2
2015,20
2015,4
2015,12
2015,10
2014,4
2014,4
2015,26
2015,4
2014,14
2015,22
2015,155
2012,38
2012,2
2015,2
2015,29
2015,2
2014,7
2015,8
2015,7
2015,4
2015,2
2012,2
2015,36
2015,13
2012,6
2015,24
2015,188
2012,23
2015,3
2015,38
2015,7
2014,6
2015,7
2014,3
2015,5
2014,3
2014,5
2015,2
2015,3
2015,5
2014,2
2014,4
2015,4
2015,8
2014,2
2014,2
2014,2
2015,10
2015,7
2015,4
2015,9
2015,4
2013,36
2015,4
2015,8
2015,29
2015,5
2014,16
2015,12
2015,29
2014,6
2014,9
2015,35
2014,11
2015,3
2015,4
2015,19
2015,20
2015,2
2015,6
2015,2
2015,2
2015,76
2015,10
2015,2
2015,5
2015,5
2015,3
2015,2
2015,14
2015,6
2015,48
2015,4
2015,5
2015,2
2015,23
2015,73
2015,4
2014,57
2015,14
2014,175
2015,9
2015,5
2015,4
2015,3
2015,8
2015,36
2015,2
2015,8
2015,4
2015,14
2015,8
2015,3
2015,2
2015,4
2015,21
2015,2
2015,5
2015,4
2014,19
2015,43
2015,2
2012,17
2015,24
2015,21
2015,7
2015,23
2015,12
2015,6
2015,8
2015,10
2015,123
2015,20
2015,4
2015,3
2015,151
2015,2
2015,3
2013,8
2015,17
2015,14
2015,4
2015,8
2015,8
2015,10
2015,46
2015,6
2015,7
2014,6
2015,3
2015,27
2015,10
2015,7
2015,8
2015,19
2015,10
2015,2
2014,6
2014,2
2014,25
2014,5
2015,5
2014,2
2013,3
2013,16
2014,12
2014,11
2014,11
2015,2
2014,5
2015,8
2014,5
2014,22
2015,3
2015,3
2014,7
2014,96
2014,2
2015,24
2015,4
2014,7
2014,10
2014,18
2015,2
2015,13
2015,2
2015,9
2014,14
2015,14
2015,4
2015,17
2015,14
2015,2
2015,9
2015,3
2015,5
2015,3
2015,14
2014,2
2015,2
2014,19
2015,6
2015,22
2015,6
2014,18
2015,2
2015,18
2015,13
2015,16
2015,8
2015,8
2015,3
2015,4
2015,4
2015,2
2015,4
2015,10
2015,30
2015,4
2015,4
2015,2
2015,2
2015,2
2015,32
2015,3
2015,10
2015,28
2015,6
2015,5
2015,3
2015,4
2015,4
2015,2
2015,5
2015,5
2015,53
2015,11
2015,15
2015,5
2015,10
2015,30
2015,2
2015,178
2015,16
2015,8
2015,58
2015,57
2015,3
2015,11
2015,10
2015,3
2015,13
2015,8
2015,3
2015,4
2015,6
2015,9
2015,2
2015,2
2015,6
2015,4
2015,3
2015,72
2015,26
2015,4
2015,3
2015,7
2015,2
2015,10
2015,7
2015,4
2015,2
2015,4
2015,2
2015,28
2015,13
2015,10
2015,5
2015,5
2015,3
2015,45
2015,7
2015,8
2014,7
2014,4
2015,3
2014,13
2015,18
2015,2
2015,4
2015,4
2015,2
2015,5
2015,3
2015,3
2015,5
2015,2
2015,3
2015,2
2014,4
2015,7
2015,5
2015,5
2015,12
2015,5
2015,15
2015,2
2015,14
2015,9
2015,2
2015,20
2015,11
2015,67
2015,9
2015,7
2015,8
2015,4
2015,2
2015,35
2015,5
2015,2
2015,3
2015,18
2015,32
2015,2
2015,12
2015,4
2015,29
2015,2
2015,6
2015,9
2015,40
2015,4
2015,2
2015,110
2015,6
2015,3
2015,2
2015,2
2015,14
2015,3
2015,16
2015,2
2015,3
2015,2
2015,8
2015,2
2015,2
2015,3
2015,2
2015,3
2015,90
2015,7
2015,25
2015,23
2015,9
2015,3
2014,7
2015,23
2014,4
2015,2
2015,10
2015,5
2015,27
2015,2
2015,4
2015,119
2015,46
2015,2
2015,25
2015,41
2015,4
2015,2
2015,10
2015,2
2015,7
2015,6
2015,3
2015,3
2015,2
2015,2
2015,3
2015,2
2015,6
2015,8
2015,20
2015,10
2015,45
2015,5
2015,12
2015,23
2015,5
2015,28
2015,3
2015,6
2015,4
2015,3
2015,22
2015,19
2015,2
2015,3
2015,2
2015,3
2015,7
2015,12
2015,7
2015,3
2015,4
2015,3
2015,9
2015,30
2015,10
2015,6
2015,19
2015,283
2015,6
2015,5
2015,18
2015,3
2015,3
2015,8
2014,16
2015,9
2015,2
2015,5
2015,10
2015,4
2015,3
2015,2
2015,14
2015,7
2015,2
2015,2
2015,7
2015,10
2015,6
2015,17
2015,4
2015,13
2015,5
2015,8
2015,6
2015,19
2015,16
2015,4
2015,121
2015,30
2015,3
2015,3
2011,16
2015,20
2015,3
2015,15
2015,13
2015,29
2015,2
2015,3
2015,57
2015,6
2015,35
2015,6
2015,21
2015,10
2015,170
2015,26
2015,79
2015,10
2015,2
2015,6
2015,7
2015,22
2015,46
2015,103
2015,34
2015,16
2015,21
2015,4
2015,38
2015,2
2015,3
2015,11
2015,48
2015,54
2015,3
2015,9
2015,6
2015,4
2015,5
2015,15
2015,6
2015,18
2015,17
2015,3
2015,4
2015,40
2015,14
2015,3
2015,3
2015,24
2015,3
2015,5
2015,3
2015,2
2015,3
2015,8
2015,6
2015,4
2015,5
2015,2
2015,6
2015,3
2015,29
2015,2
2015,12
2015,18
2015,3
2015,4
2015,6
2015,20
2015,8
2015,5
2015,11
2015,29
2015,12
2015,25
2015,6
2015,3
2015,5
2015,2
2015,7
2015,3
2015,15
2015,13
2015,10
2015,8
2015,2
2015,73
2015,10
2015,9
2015,8
2015,5
2015,3
2015,20
2015,2
2015,2
2015,5
2015,5
2015,15
2015,81
2015,4
2015,10
2015,170
2015,39
2015,9
2015,8
2015,5
2015,4
2015,2
2015,4
2015,16
2015,19
2015,20
2015,29
2015,4
2015,16
2015,43
2015,19
2015,2
2015,20
2015,12
2015,8
2015,3
2015,2
2015,19
2015,5
2015,5
2015,6
2015,2
2015,45
2015,4
2015,9
2015,16
2015,3
2015,3
2015,13
2015,25
2015,10
2015,5
2015,4
2015,7
2015,9
2015,4
2016,7
2016,5
2016,6
2015,7
2015,20
2015,5
2015,7
2015,3
2016,9
2016,3
2015,15
2015,3
2015,6
2016,3
2015,13
2015,7
2015,5
2016,30
2015,24
2016,13
2015,86
2015,50
2015,9
2016,2
2015,44
2016,56
2015,18
2016,3
2015,19
2015,2
2015,2
2015,2
2015,3
2015,5
2015,4
2015,3
2015,10
2016,9
2016,2
2015,4
2016,5
2015,3
2014,17
2014,3
2015,21
2015,2
2015,25
2015,3
2015,6
2016,2
2016,11
2016,3
2015,2
2015,17
2016,92
2015,6
2015,16
2015,13
2015,275
2016,10
2015,14
2015,3
2015,6
2015,26
2016,2
2016,6
2016,5
2015,2
2015,9
2015,36
2016,6
2015,10
2016,5
2015,11
2016,4
2015,22
2016,4
2016,4
2015,7
2015,31
2015,3
2015,4
2016,9
2016,4
2016,44
2016,112
2015,3
2015,3
2015,11
2015,3
2015,8
2015,8
2015,10
2015,2
2016,10
2015,23
2016,5
2016,7
2015,11
2015,2
2016,15
2015,5
2015,28
2015,6
2015,2
2015,20
2015,3
2015,18
2015,2
2015,3
2015,3
2015,37
2015,13
2015,4
2016,35
2016,46
2015,5
2015,12
2014,10
2015,20
2015,50
2015,26
2014,5
2015,6
2015,2
2014,7
2015,5
2015,20
2016,375
2016,14
2015,2
2015,2
2015,27
2015,10
2016,20
2016,22
2016,57
2015,42
2016,30
2015,73
2016,9
2016,3
2016,17
2016,2
2015,3
2016,20
2016,13
2016,6
2015,2
2015,6
2016,2
2016,2
2016,2
2016,8
2016,16
2016,10
2016,7
2016,2
2015,2
2016,3
2016,11
2015,53
2015,19
2015,5
2015,2
2016,20
2015,8
2015,8
2016,24
2015,13
2015,22
2015,17
2016,46
2015,3
2015,6
2015,7
2016,9
2015,160
2016,6
2016,2
2016,4
2016,87
2016,2
2016,18
2015,5
2015,4
2015,14
2014,4
2015,5
2015,15
2015,4
2015,4
2015,2
2015,19
2015,5
2015,3
2015,12
2016,3
2015,6
2015,5
2015,5
2015,8
2015,21
2016,4
2016,3
2016,11
2016,52
2015,2
2015,2
2015,2
2015,2
2016,2
2016,3
2016,35
2016,3
2016,11
2016,5
2014,4
2014,4
2016,3
2015,47
2015,22
2015,252
2016,31
2015,3
2016,3
2016,17
2016,6
2015,2
2016,14
2016,2
2016,8
2015,5
2016,2
2016,25
2016,16
2015,13
2015,7
2013,4
2016,11
2016,25
2016,12
2016,2
2016,2
2016,5
2016,2
2015,2
2016,46
2016,15
2016,13
2016,30
2016,8
2016,25
2015,2
2016,11
2016,10
2016,2
2016,20
2016,9
2016,33
2016,10
2015,106
2016,2
2016,47
2015,3
2015,5
2016,4
2015,5
2015,8
2015,16
2015,24
2015,6
2016,32
2016,23
2016,5
2016,8
2016,4
2015,6
2016,17
2016,7
2016,38
2016,2
2016,12
2016,5
2015,74
2016,4
2015,18
2015,42
2015,31
2016,9
2016,14
2016,3
2015,115
2015,5
2015,10
2015,3
2015,4
2015,192
2016,3
2016,2
2016,8
2016,18
2016,15
2016,2
2016,3
2015,11
2015,13
2015,100
2015,5
2015,7
2015,57
2016,4
2016,12
2015,3
2015,6
2015,6
2015,9
2016,3
2016,6
2016,50
2016,18
2016,6
2016,4
2016,7
2015,17
2015,8
2016,36
2016,2
2015,39
2016,18
2016,6
2016,12
2016,8
2016,3
2015,9
2015,8
2015,8
2015,19
2015,87
2016,4
2016,8
2016,7
2016,47
2016,2
2014,2
2015,4
2015,907
2016,3
2015,40
2015,5
2015,2
2016,40
2016,5
2015,9
2015,3
2016,51
2016,3
2016,4
2016,5
2016,10
2016,56
2016,11
2016,7
2016,2
2016,5
2016,20
2016,7
2016,7
2016,15
2016,15
2016,2
2016,2
2016,81
2016,32
2016,3
2016,53
2016,9
2016,8
2016,10
2015,6
2015,6
2015,10
2015,6
2015,2
2015,3
2015,4
2015,2
2015,16
2015,2
2015,8
2015,2
2015,13
2015,20
2015,188
2016,3
2015,44
2016,3
2015,8
2015,93
2016,51
2015,11
2015,33
2015,11
2016,20
2016,5
2016,3
2016,8
2016,7
2016,19
2016,2
2015,9
2015,4
2015,60
2016,5
2016,9
2016,2
2016,2
2016,28
2016,18
2016,2
2016,22
2016,9
2016,130
2016,11
2016,136
2016,29
2016,10
2016,3
2016,2
2016,8
2016,6
2016,9
2016,25
2016,7
2016,10
2016,4
2015,10
2016,93
2016,5
2016,4
2016,2
2016,3
2016,3
2016,5
2016,9
2016,2
2016,7
2016,3
2016,7
2016,19
2016,6
2016,8
2016,30
2016,18
2016,10
2016,11
2016,11
2016,13
2016,13
2016,2
2016,3
2016,2
2015,15
2016,9
2016,7
2016,44
2016,15
2016,14
2016,87
2016,7
2016,10
2016,28
2016,2
2016,3
2016,3
2015,35
2016,15
2016,4
2016,2
2016,15
2016,5
2015,90
2016,2
2016,12
2016,28
2016,7
2016,85
2015,3
2015,9
2016,12
2016,14
2016,5
2016,4
2015,15
2016,20
2016,4
2016,35
2016,23
2016,21
2015,11
2016,29
2016,9
2016,11
2016,10
2016,27
2016,16
2016,16
2016,5
2016,11
2016,2
2016,2
2016,20
2016,6
2016,14
2014,4
2015,4
2015,15
2015,8
2016,11
2016,5
2016,13
2016,2
2016,2
2016,281
2016,19
2016,2
2016,8
2016,2
2016,251
2016,2
2016,3
2016,5
2016,2
2016,13
2016,110
2016,30
2016,51
2016,12
2016,59
2016,6
2016,38
2016,10
2016,4
2016,2
2016,9
2016,2
2016,2
2016,2
2016,9
2016,64
2016,6
2016,6
2016,10
2016,3
2016,2
2016,7
2016,8
2016,2
2016,5
2016,3
2016,11
2016,2
2016,4
2016,2
2016,6
2016,14
2016,6
2016,19
2016,8
2016,2
2016,14
2016,15
2016,4
2016,3
2016,8
2016,10
2016,14
2016,3
2016,4
2016,5
2016,4
2016,6
2016,12
2016,3
2016,35
2016,17
2016,2
2016,19
2016,2
2016,8
2016,2
2016,2
2016,5
2016,7
2016,2
2016,17
2016,5
2016,4
2016,4
2016,4
2016,47
2016,5
2016,2
2016,4
2016,2
2015,4
2015,9
2015,32
2015,42
2016,3
2016,17
2016,2
2016,8
2016,2
2016,147
2016,10
2016,18
2016,5
2016,2
2016,4
2016,6
2016,25
2016,30
2016,10
2016,4
2016,9
2016,3
2016,33
2016,2
2016,26
2016,5
2016,4
2016,2
2016,10
2016,74
2016,6
2016,12
2016,38
2016,3
2016,19
2016,7
2016,2
2015,56
2016,10
2016,19
2016,6
2016,8
2016,2
2016,4
2016,7
2016,6
2013,9
2016,14
2016,3
2016,5
2016,179
2016,11
2016,32
2016,6
2016,14
2016,6
2016,8
2016,11
2016,6
2016,2
2016,6
2016,2
2016,87
2015,32
2016,2
2016,32
2016,11
2016,21
2016,36
2016,4
2016,21
2016,20
2016,19
2016,5
2016,10
2016,2
2016,28
2013,10
2016,15
2015,2
2016,19
2016,14
2016,28
2016,16
2016,56
2016,10
2016,3
2016,4
2016,3
2016,20
2015,12
2015,3
2016,5
2016,6
2016,4
2016,6
2016,4
2016,8
2015,5
2015,9
2015,4
2016,2
2016,2
2016,2
2016,4
2016,3
2016,3
2015,4
2016,5
2016,7
2015,19
2016,9
2016,137
2016,23
2016,22
2016,47
2016,6
2016,16
2016,13
2016,3
2016,22
2016,5
2016,34
2016,3
2016,50
2016,9
2016,9
2016,9
2016,40
2016,2
2016,24
2016,3
2016,11
2016,4
2016,8
2016,41
2016,48
2016,87
2016,3
2016,15
2016,4
2016,4
2016,26
2016,50
2016,30
2016,3
2016,14
2016,13
2016,47
2016,2
2016,2
2016,45
2016,3
2016,6
2016,20
2016,18
2016,30
2016,84
2016,11
2016,3
2016,12
2016,19
2016,19
2016,14
2016,2
2016,2
2016,6
2016,24
2016,4
2016,2
2016,35
2016,18
2016,3
2016,70
2015,55
2016,5
2016,4
2016,9
2016,7
2016,3
2016,2
2016,4
2016,8
2016,25
2016,11
2016,5
2016,6
2016,10
2016,30
2016,4
2016,68
2016,3
2016,26
2016,20
2016,35
2016,10
2016,45
2016,68
2016,4
2016,86
2016,14
2016,10
2016,4
2016,29
2016,3
2016,6
2016,3
2016,33
2016,6
2016,6
2016,8
2016,4
2016,5
2016,5
2016,2
2016,7
2016,4
2016,99
2016,18
2016,2
2016,17
2016,3
2016,16
2016,12
2016,2
2016,4
2016,154
2016,20
2016,2
2016,50
2016,20
2016,24
2016,5
2016,9
2016,14
2016,46
2016,20
2016,39
2016,5
2016,4
2016,38
2016,11
2016,19
2017,20
2017,7
2016,4
2016,50
2016,5
2016,42
2016,34
2016,5
2016,3
2016,18
2016,6
2017,10
2017,14
2017,35
2017,25
2017,40
2016,3
2017,2
2016,205
2016,3
2017,6
2016,10
2016,22
2017,4
2017,3
2017,92
2017,26
2017,9
2016,12
2016,20
2017,28
2017,12
2016,149
2016,6
2016,45
2016,11
2016,11
2016,3
2017,4
2016,4
2017,5
2016,2
2016,3
2017,3
2016,2
2016,3
2016,3
2016,104
2016,11
2016,46
2016,5
2017,17
2014,32
2017,57
2016,3
2017,16
2017,4
2015,27
2017,11
2015,3
2016,17
2017,17
2017,15
2017,5
2016,20
2015,31
2016,3
2015,3
2017,11
2016,12
2015,5
2015,44
2017,18
2017,6
2016,56
2016,35
2017,12
2017,42
2017,45
2017,6
2016,9
2016,15
2016,6
2016,19
2016,24
2016,2
2016,5
2016,3
2017,150
2017,7
2016,4
2016,4
2016,12
2016,3
2016,2
2016,9
2016,8
2016,8
2016,45
2016,2
2016,2
2016,15
2016,4
2016,2
2016,4
2016,3
2016,6
2016,6
2016,21
2016,62
2016,7
2016,4
2017,4
2017,2
2017,6
2016,13
2016,2
2016,8
2016,2
2016,2
2016,8
2017,7
2017,17
2016,3
2016,13
2016,2
2016,2
2016,2
2016,2
2016,3
2017,3
2016,3
2016,2
2017,5
2017,76
2017,11
2016,2
2017,2
2017,13
2017,6
2017,3
2017,3
2017,12
2017,43
2017,3
2017,3
2017,4
2017,7
2016,6
2017,60
2016,2
2017,32
2017,9
2016,2
2017,43
2016,17
2016,17
2017,3
2017,14
2016,18
2017,22
2017,30
2017,67
2016,33
2016,2
2016,8
2016,22
2017,2
2017,9
2017,2
2017,5
2017,3
2016,33
2017,3
2017,26
2017,11
2016,2
2016,15
2017,25
2016,3
2016,8
2016,18
2017,3
2016,32
2017,40
2017,12
2017,10
2016,6
2017,3
2016,25
2017,2
2016,6
2016,7
2016,10
2016,2
2016,71
2016,13
2016,17
2016,25
2016,7
2016,2
2016,6
2016,3
2016,43
2016,8
2016,49
2016,19
2016,2
2016,7
2016,5
2016,36
2016,4
2017,6
2016,16
2017,2
2016,4
2017,5
2017,4
2016,80
2017,14
2016,70
2017,4
2016,18
2016,22
2016,23
2017,27
2017,12
2016,6
2017,3
2017,5
2016,120
2017,4
2016,87
2017,17
2017,6
2016,59
2016,40
2016,17
2016,10
2017,5
2016,3
2017,11
2017,2
2017,2
2016,12
2016,12
2016,3
2017,3
2016,9
2016,12
2016,21
2016,13
2016,14
2017,38
2016,23
2017,10
2017,20
2017,4
2017,2
2016,101
2013,8
2017,3
2017,22
2016,29
2017,2
2017,5
2017,41
2017,3
2017,4
2017,43
2017,2
2017,5
2016,3
2017,18
2017,5
2017,4
2017,6
2017,10
2017,2
2017,35
2017,5
2017,5
2016,5
2017,6
2017,10
2017,3
2016,25
2016,64
2017,19
2017,5
2017,115
2017,4
2017,5
2017,23
2017,25
2017,11
2016,5
2017,10
2017,4
2017,12
2017,108
2017,8
2017,5
2016,3
2016,7
2016,62
2016,2
2017,40
2017,7
2017,7
2017,3
2017,19
2017,4
2017,3
2017,8
2017,7
2017,36
2017,99
2016,8
2017,26
2016,8
2017,2
2017,15
2017,46
2016,19
2016,20
2017,5
2017,4
2017,3
2017,3
2017,11
2017,10
2017,4
2017,4
2017,4
2017,5
2017,6
2017,9
2017,90
2016,13
2017,12
2017,5
2017,9
2017,17
2017,8
2017,5
2017,19
2017,4
2017,61
2017,18
2017,2
2017,2
2017,23
2017,3
2017,12
2017,9
2017,6
2017,17
2017,5
2017,24
2017,2
2017,3
2017,71
2017,9
2017,6
2017,4
2017,3
2017,12
2017,101
2017,2
2016,10
2017,10
2017,6
2017,13
2017,27
2017,8
2017,3
2017,5
2017,5
2017,72
2017,4
2017,2
2016,47
2017,4
2017,7
2017,85
2017,4
2017,11
2016,39
2017,2
2014,9
2017,3
2017,15
2017,21
2015,11
2017,10
2017,6
2017,3
2017,4
2017,4
2017,47
2016,16
2017,7
2017,4
2017,2
2017,2
2017,11
2017,104
2017,4
2017,4
2017,4
2017,5
2017,39
2017,3
2017,3
2017,9
2017,2
2017,2
2017,3
2017,15
2017,10
2017,2
2017,3
2017,3
2017,3
2017,5
2017,38
2017,32
2017,11
2017,41
2017,2
2017,4
2017,2
2017,2
2017,22
2017,2
2017,5
2017,3
2017,2
2017,5
2017,5
2017,2
2017,2
2017,5
2017,14
2017,2
2017,4
2017,2
2017,18
2016,2
2016,12
2017,10
2017,8
2017,21
2017,8
2017,4
2017,2
2017,33
2016,23
2016,5
2016,8
2016,4
2016,11
2016,7
2016,4
2016,13
2016,16
2017,2
2017,2
2017,2
2016,6
2016,2
2016,2
2016,3
2016,4
2016,2
2016,4
2016,17
2016,3
2016,3
2016,3
2016,2
2016,4
2016,24
2016,13
2016,5
2016,6
2017,3
2017,9
2016,5
2017,3
2016,5
2016,7
2016,11
2016,4
2016,19
2016,2
2016,3
2016,29
2016,5
2016,3
2016,2
2016,5
2016,25
2017,9
2017,28
2017,20
2017,2
2016,5
2017,15
2017,44
2017,8
2017,3
2017,3
2017,5
2017,151
2017,2
2017,13
2017,3
2017,4
2017,10
2017,6
2017,157
2017,3
2016,15
2017,11
2016,9
2017,6
2017,2
2017,2
2017,8
2017,3
2017,18
2017,7
2017,11
2016,96
2017,6
2017,36
2017,3
2017,13
2017,8
2017,5
2013,7
2017,32
2017,6
2017,2
2017,5
2017,4
2017,8
2017,3
2017,4
2017,3
2015,3
2015,2
2015,2
2015,6
2016,2
2016,3
2016,4
2016,5
2017,26
2017,37
2017,3
2017,4
2016,26
2017,2
2017,7
2017,3
2016,3
2016,6
2016,3
2017,47
2017,11
2017,32
2017,2
2017,46
2017,40
2017,9
2016,2
2016,12
2016,10
2016,38
2017,5
2017,6
2017,6
2016,20
2017,36
2017,381
2015,47
2013,28
2015,42
2016,18
2017,7
2016,60
2017,4
2017,37
2017,4
2017,23
2017,4
2017,2
2017,55
2017,2
2017,7
2017,7
2017,4
2017,5
2017,4
2017,80
2017,40
2017,33
2017,11
2017,2
2017,3
2017,25
2017,13
2017,35
2017,2
2017,2
2017,3
2017,7
2017,30
2017,14
2017,3
2017,4
2017,2
2017,24
2017,17
2017,5
2017,4
2017,2
2017,11
2017,3
2017,4
2017,3
2017,6
2017,36
2017,2
2017,3
2017,51
2017,21
2017,6
2017,9
2017,6
2017,5
2017,11
2017,4
2017,7
2017,100
2017,10
2017,27
2017,2
2017,5
2017,24
2017,15
2017,15
2017,2
2017,3
2017,4
2017,28
2017,22
2017,8
2017,3
2017,2
2017,4
2017,2
2017,15
2017,3
2017,21
2017,3
2017,4
2017,8
2017,5
2017,14
2017,35
2017,12
2017,59
2017,2
2017,9
2017,15
2017,44
2017,3
2017,5
2017,20
2017,3
2017,2
2017,2
2017,29
2017,171
2017,3
2017,4
2017,2
2017,28
2016,8
2016,13
2016,4
2017,32
2017,4
2017,11
2017,6
2017,18
2017,17
2017,10
2017,4
2017,11
2017,3
2017,2
2017,3
2017,3
2017,48
2017,31
2017,94
2017,7
2017,23
2017,2
2017,33
2017,5
2017,2
2017,4
2017,3
2017,20
2017,5
2017,11
2017,29
2017,4
2017,12
2017,15
2017,2
2017,13
2017,51
2017,111
2017,2
2017,8
2017,2
2017,4
2017,34
2017,197
2017,20
2017,23
2017,16
2017,6
2017,2
2017,5
2017,3
2017,4
2017,6
2017,4
2017,86
2017,9
2017,3
2017,91
2017,83
2017,59
2017,11
2017,2
2017,27
2017,13
2017,3
2017,24
2017,15
2017,15
2017,6
2017,14
2017,5
2017,7
2017,18
2017,3
2017,16
2017,16
2017,17
2017,15
2017,5
2017,8
2017,17
2017,35
2017,3
2017,11
2017,10
2017,3
2017,3
2017,5
2017,9
2017,24
2017,38
2017,20
2017,13
2017,7
2017,53
2017,12
2017,12
2017,9
2017,11
2017,13
2017,7
2017,4
2017,14
2017,3
2017,2
2017,5
2017,3
2017,8
2017,2
2017,3
2017,2
2017,2
2017,15
2017,44
2017,6
2017,7
2017,9
2017,25
2017,3
2017,25
2017,2
2017,2
2017,38
2017,3
2017,27
2017,26
2017,2
2017,5
2017,13
2017,41
2017,45
2017,18
2017,10
2017,113
2017,3
2017,4
2017,31
2017,29
2017,6
2017,66
2017,5
2017,4
2017,19
2017,29
2017,14
2017,11
2017,13
2017,6
2017,3
2017,26
2017,7
2017,3
2017,11
2017,8
2017,2
2017,3
2017,5
2017,6
2017,3
2017,53
2017,8
2017,8
2017,16
2017,557
2017,4
2017,25
2017,10
2018,10
2017,4
2017,4
2017,4
2017,58
2017,2
2017,27
2017,6
2017,14
2018,4
2017,23
2017,5
2018,12
2018,2
2017,20
2017,2
2018,7
2017,6
2018,15
2017,2
2017,2
2017,9
2017,6
2017,18
2017,8
2017,10
2017,3
2017,9
2017,2
2017,3
2016,9
2017,9
2017,27
2017,6
2016,10
2017,7
2017,4
2017,2
2017,3
2017,2
2017,15
2017,12
2017,3
2017,20
2017,5
2016,12
2017,3
2018,2
2018,18
2017,6
2018,166
2018,6
2018,2
2018,6
2017,24
2017,6
2017,18
2018,24
2016,107
2018,10
2018,7
2017,4
2017,62
2018,2
2018,11
2018,7
2017,3
2018,2
2018,2
2018,8
2018,10
2018,31
2018,2
2018,5
2017,3
2016,53
2018,2
2017,6
2018,2
2017,9
2018,6
2017,2
2017,2
2018,2
2017,6
2017,4
2018,16
2017,2
2017,13
2017,68
2017,23
2017,244
2017,2
2017,4
2018,5
2017,5
2017,4
2017,2
2017,2
2017,213
2017,4
2017,7
2017,5
2017,420
2018,10
2018,33
2017,9
2017,3
2018,3
2017,16
2017,2
2017,8
2018,17
2018,2
2018,11
2017,52
2018,9
2017,3
2018,4
2018,9
2017,3
2017,33
2017,7
2018,2
2018,3
2018,45
2017,5
2017,10
2017,4
2017,8
2017,2
2018,6
2018,10
2017,7
2017,7
2017,5
2017,2
2018,8
2018,2
2018,8
2017,4
2018,5
2018,10
2018,7
2015,38
2017,9
2017,15
2018,2
2017,4
2017,3
2018,36
2017,4
2018,5
2018,12
2018,8
2017,2
2017,2
2017,18
2017,6
2017,90
2017,4
2017,2
2017,12
2016,5
2018,2
2017,8
2018,9
2018,6
2018,8
2017,15
2017,20
2017,2
2017,7
2017,7
2017,6
2017,26
2017,2
2017,2
2017,3
2017,2
2018,4
2018,2
2018,5
2017,5
2018,2
2018,5
2018,6
2017,52
2017,3
2017,13
2017,2
2017,2
2018,3
2018,20
2017,8
2018,2
2018,8
2016,23
2018,10
2017,2
2017,19
2017,6
2018,5
2017,4
2017,8
2017,8
2017,4
2017,79
2017,6
2018,7
2017,24
2018,7
2017,6
2017,3
2017,3
2017,3
2017,5
2017,3
2017,44
2018,15
2018,9
2018,60
2018,24
2017,11
2018,4
2017,30
2017,16
2017,3
2017,18
2017,3
2014,6
2014,21
2018,2
2018,12
2017,8
2018,4
2017,7
2017,2
2017,8
2017,3
2017,7
2018,26
2018,8
2018,2
2018,61
2018,13
2018,30
2018,8
2017,17
2016,2
2017,9
2017,11
2018,17
2017,4
2017,17
2017,14
2017,8
2017,6
2017,9
2017,6
2017,3
2016,8
2017,3
2017,2
2017,8
2017,10
2017,4
2017,40
2017,2
2017,3
2017,64
2017,14
2017,6
2017,30
2016,16
2017,29
2017,14
2015,18
2017,5
2017,4
2017,2
2017,118
2018,11
2017,68
2018,5
2018,16
2018,2
2018,2
2018,4
2018,2
2018,2
2018,5
2018,4
2017,8
2017,11
2018,14
2018,6
2017,25
2018,12
2018,4
2018,44
2017,2
2017,19
2018,54
2018,3
2018,4
2018,2
2018,2
2018,7
2018,16
2018,11
2016,3
2017,4
2017,5
2018,2
2018,6
2018,22
2018,4
2017,7
2018,4
2018,49
2018,30
2017,2
2018,3
2018,6
2018,3
2018,12
2017,23
2018,15
2018,3
2018,19
2017,3
2018,8
2018,3
2018,5
2018,18
2018,26
2018,2
2018,2
2018,9
2018,7
2018,2
2018,3
2018,4
2018,13
2018,35
2017,11
2018,4
2017,2
2018,2
2018,3
2018,19
2018,5
2018,8
2018,8
2018,4
2018,22
2018,4
2018,4
2018,11
2018,3
2018,8
2017,29
2018,2
2018,5
2018,3
2018,14
2018,4
2018,7
2018,2
2018,4
2018,7
2018,26
2018,17
2018,2
2018,5
2018,5
2018,2
2018,6
2018,3
2018,11
2018,17
2017,41
2018,10
2018,6
2018,38
2018,29
2018,2
2018,3
2018,2
2018,9
2018,3
2018,3
2018,5
2018,3
2018,9
2018,8
2018,7
2017,2
2018,2
2018,3
2018,2
2018,6
2018,30
2018,84
2018,10
2018,10
2018,5
2018,43
2018,4
2018,2
2018,8
2018,377
2018,17
2018,2
2018,27
2018,5
2018,3
2018,6
2018,19
2018,6
2015,21
2018,7
2018,3
2018,79
2018,265
2017,14
2018,5
2018,2
2018,2
2018,2
2018,2
2018,5
2018,12
2018,7
2018,10
2018,25
2018,2
2018,10
2018,17
2018,4
2018,3
2018,3
2018,27
2018,14
2018,2
2018,20
2017,7
2017,23
2017,3
2017,4
2018,13
2018,4
2018,5
2018,2
2018,5
2018,12
2018,6
2018,3
2018,4
2018,18
2018,3
2018,71
2018,3
2018,73
2018,3
2018,2
2018,4
2018,2
2018,3
2018,9
2018,6
2018,12
2018,4
2018,9
2018,12
2018,4
2015,4
2017,3
2017,6
2018,121
2016,12
2017,10
2017,4
2017,3
2017,28
2017,11
2017,3
2017,13
2017,15
2017,2
2018,11
2018,73
2018,17
2018,3
2018,5
2018,42
2018,9
2018,3
2018,12
2018,4
2018,8
2018,2
2018,16
2018,2
2018,2
2018,23
2018,2
2018,4
2017,16
2017,11
2017,66
2017,25
2017,55
2017,105
2017,3
2018,16
2018,5
2018,3
2018,22
2018,30
2018,2
2018,2
2018,5
2018,26
2017,16
2016,5
2017,12
2017,3
2013,6
2014,44
2018,15
2018,2
2018,4
2018,25
2018,9
2018,6
2018,133
2018,59
2018,14
2018,4
2017,27
2018,6
2018,3
2018,4
2018,10
2018,3
2018,3
2018,5
2018,6
2018,17
2018,5
2018,23
2018,3
2018,16
2018,3
2018,2
2018,5
2018,3
2018,9
2018,4
2018,2
2018,3
2018,4
2018,10
2018,4
2018,54
2018,4
2018,21
2018,3
2018,2
2018,10
2018,2
2018,4
2018,6
2018,5
2018,8
2018,3
2018,2
2018,5
2018,2
2018,6
2018,22
2018,35
2018,3
2018,4
2018,31
2018,8
2018,3
2018,5
2018,32
2018,3
2018,10
2018,45
2018,9
2018,3
2018,5
2018,38
2018,15
2018,10
2018,2
2018,4
2018,3
2018,2
2018,77
2017,45
2018,2
2018,6
2018,109
2018,2
2018,3
2018,2
2018,4
2018,2
2018,29
2018,5
2018,51
2018,2
2018,4
2018,647
2018,3
2018,34
2018,17
2017,199
2018,2
2018,3
2018,2
2018,2
2018,9
2018,2
2018,2
2018,3
2018,6
2018,2
2018,3
2018,13
2018,32
2018,141
2018,132
2018,2
2018,6
2018,2
2018,9
2018,2
2018,2
2018,2
2018,2
2018,3
2017,10
2017,4
2018,3
2018,117
2018,45
2018,6
2018,79
2018,12
2018,17
2018,13
2018,2
2018,4
2018,12
2018,2
2018,18
2018,21
2018,68
2018,3
2018,112
2018,8
2018,21
2018,10
2017,7
2018,5
2018,24
2018,7
2018,2
2018,23
2018,4
2018,6
2018,7
2018,2
2018,12
2017,62
2018,2
2018,2
2018,2
2018,4
2018,19
2018,2
2018,2
2018,2
2018,10
2018,28
2018,15
2018,4
2018,13
2018,70
2018,94
2018,12
2018,7
2018,5
2018,8
2018,4
2018,6
2018,103
2018,72
2018,7
2018,2
2018,4
2018,4
2018,5
2018,12
2018,6
2018,20
2018,30
2018,8
2018,4
2018,239
2018,2
2018,5
2018,30
2018,26
2018,3
2018,35
2018,6
2018,18
2018,3
2018,2
2018,2
2018,6
2018,10
2018,13
2018,7
2018,7
2018,15
2018,8
2018,3
2018,2
2018,3
2018,2
2018,6
2018,2
2018,2
2018,4
2018,8
2018,34
2018,10
2018,35
2018,41
2018,3
2018,251
2018,5
2018,15
2018,47
2018,8
2017,10
2018,23
2018,31
2018,2
2018,11
2018,27
2018,136
2018,13
2018,4
2018,4
2018,11
2018,5
2018,11
2018,47
2018,12
2018,20
2018,3
2018,64
2018,13
2018,6
2018,3
2018,41
2018,9
2018,5
2018,3
2018,3
2018,4
2018,4
2018,2
2018,65
2018,2
2018,2
2018,2
2018,8
2018,389
2018,9
2018,2
2018,3
2018,3
2018,5
2018,33
2018,17
2018,3
2018,6
2018,85
2018,4
2018,15
2018,5
2018,4
2018,45
2018,18
2018,20
2018,16
2018,2
2018,26
2018,7
2018,3
2018,2
2018,23
2018,4
2018,293
2018,31
2018,39
2018,3
2018,11
2018,14
2018,5
2018,2
2018,2
2018,2
2018,6
2018,14
2018,22
2018,3
2018,2
2018,16
2018,11
2018,2
2018,5
2018,3
2018,41
2018,2
2018,42
2018,2
2018,2
2018,6
2018,5
2018,45
2018,4
2018,2
2018,2
2018,11
2018,2
2014,65
2018,24
2018,258
2018,20
2018,3
2018,28
2018,9
2018,8
2018,2
2018,4
2018,5
2018,2
2018,12
2018,4
2018,690
2018,11
2018,7
2018,53
2018,3
2018,15
2018,23
2018,3
2018,39
2018,9
2018,4
2018,3
2018,2
2018,5
2018,18
2018,2
2018,5
2018,3
2018,2
2018,3
2018,13
2018,15
2018,7
2018,115
2018,4
2018,2
2018,5
2018,117
2018,3
2018,3
2018,2
2018,9
2018,3
2018,4
2018,2
2018,52
2018,2
2018,12
2018,6
2018,5
2018,2
2018,26
2018,4
2018,4
2018,4
2018,280
2018,10
2018,16
2018,64
2018,3
2018,23
2018,3
2018,2
2018,25
2018,2
2018,2
2018,8
2018,18
2018,5
2018,6
2018,16
2018,17
2018,6
2018,26
2018,8
2018,15
2018,11
2018,14
2018,20
2018,12
2018,2
2018,2
2018,2
2018,3
2018,3
2018,12
2018,5
2018,29
2018,8
2018,39
2018,3
2018,17
2018,12
2018,7
2018,15
2018,6
2018,16
2018,21
2018,18
2018,17
2018,3
2018,82
2018,3
2018,15
2018,4
2018,7
2018,34
2018,9
2018,4
2018,5
2018,4
2018,4
2018,17
2019,4
2018,7
2018,5
2018,3
2018,8
2018,14
2018,7
2018,18
2018,10
2018,5
2018,24
2018,6
2018,69
2018,4
2018,161
2018,7
2018,5
2018,2
2019,5
2018,3
2018,2
2018,12
2018,2
2018,2
2018,4
2019,4
2018,3
2019,4
2019,4
2018,2
2018,559
2018,7
2018,3
2019,3
2019,8
2018,6
2019,4
2019,11
2018,161
2016,36
2019,9
2018,31
2017,4
2019,7
2019,3
2018,2
2018,2
2018,6
2019,7
2019,33
2019,13
2019,24
2019,13
2018,23
2019,12
2018,2
2019,6
2018,7
2018,7
2018,3
2018,3
2018,3
2018,7
2018,6
2018,6
2019,13
2018,2
2018,6
2018,3
2018,6
2018,4
2018,2
2018,8
2019,2
2018,8
2018,4
2018,7
2018,4
2019,3
2018,2
2018,4
2019,11
2018,4
2018,2
2019,2
2018,12
2018,25
2018,119
2019,8
2018,62
2019,2
2019,17
2018,32
2018,2
2018,5
2012,5
2018,3
2018,4
2019,2
2019,11
2018,59
2018,5
2018,2
2018,5
2018,2
2018,7
2017,4
2017,3
2017,5
2018,5
2018,5
2018,4
2017,5
2018,2
2018,17
2018,9
2018,4
2018,2
2018,4
2018,3
2018,21
2018,2
2018,3
2018,4
2018,2
2018,2
2018,2
2018,17
2018,4
2018,8
2018,3
2018,31
2018,2
2019,4
2019,4
2018,2
2019,10
2018,4
2018,2
2018,3
2018,4
2019,4
2019,10
2018,3
2018,3
2018,6
2018,27
2018,2
2018,2
2018,13
2018,6
2018,15
2017,19
2018,3
2018,35
2019,3
2018,2
2018,55
2018,3
2019,12
2019,6
2018,44
2019,4
2019,11
2019,10
2019,5
2019,3
2018,19
2019,26
2019,13
2019,4
2019,6
2019,14
2019,9
2018,7
2019,18
2019,3
2018,12
2018,18
2019,23
2018,7
2019,45
2018,2
2018,3
2018,2
2018,149
2019,2
2018,3
2018,2
2018,2
2018,2
2018,4
2018,2
2018,2
2018,2
2018,3
2018,3
2019,20
2019,8
2019,2
2019,14
2019,5
2018,6
2018,8
2018,3
2018,2
2018,2
2018,2
2018,21
2018,23
2018,15
2019,6
2019,15
2018,129
2019,6
2019,5
2018,6
2019,10
2019,6
2019,4
2018,17
2018,15
2018,60
2018,5
2019,3
2019,8
2019,24
2017,33
2018,26
2018,2
2018,18
2018,30
2018,16
2018,2
2018,7
2018,11
2018,3
2018,6
2018,2
2017,6
2018,3
2018,18
2018,2
2018,2
2018,2
2018,2
2018,2
2018,2
2018,9
2018,17
2018,3
2018,4
2018,2
2018,7
2016,7
2018,5
2018,21
2018,6
2018,8
2016,13
2019,3
2019,20
2019,11
2018,9
2018,3
2018,6
2018,4
2018,69
2018,7
2018,21
2018,2
2018,49
2019,18
2018,7
2019,18
2019,3
2019,8
2018,7
2019,7
2019,8
2018,5
2019,41
2018,29
2018,18
2019,26
2019,22
2019,68
2018,4
2018,28
2018,61
2018,8
2019,28
2018,19
2019,2
2019,8
2019,5
2019,8
2019,11
2019,5
2019,11
2019,5
2018,3
2018,4
2019,3
2018,2
2019,53
2018,5
2018,11
2018,3
2019,20
2018,3
2019,11
2019,6
2015,3
2018,12
2019,22
2019,3
2018,106
2018,15
2018,5
2018,7
2019,10
2019,2
2018,17
2019,5
2019,4
2018,51
2018,267
2018,21
2018,7
2018,15
2018,14
2019,11
2018,2
2019,40
2019,11
2018,19
2018,6
2019,6
2018,2
2019,16
2019,3
2019,16
2019,3
2019,2
2019,4
2019,2
2019,2
2019,2
2019,7
2019,3
2019,3
2018,44
2018,16
2018,16
2018,3
2019,7
2019,7
2019,4
2019,4
2019,2
2019,4
2011,41
2019,14
2019,2
2019,2
2019,36
2019,9
2019,148
2019,34
2019,17
2019,11
2019,6
2018,8
2019,5
2018,24
2018,23
2019,3
2018,12
2019,36
2019,2
2019,7
2019,9
2014,18
2018,9
2018,5
2018,65
2019,6
2019,9
2019,4
2019,3
2019,43
2019,3
2019,10
2018,13
2019,2
2019,4
2019,17
2019,7
2019,4
2019,4
2018,8
2018,3
2018,9
2019,3
2018,2
2019,5
2019,4
2019,3
2019,8
2019,2
2019,14
2018,7
2017,358
2019,2
2019,3
2017,25
2018,436
2019,3
2019,4
2019,40
2018,2
2018,19
2018,22
2018,54
2019,2
2019,7
2018,2
2016,3
2019,3
2019,4
2018,11
2018,4
2018,3
2018,14
2018,2
2018,7
2018,7
2019,6
2019,2
2019,8
2019,2
2018,4
2018,21
2018,75
2018,20
2018,85
2018,4
2018,7
2018,2
2018,30
2018,22
2019,2
2019,4
2019,8
2019,21
2019,8
2019,24
2018,4
2019,20
2018,56
2018,2
2018,2
2018,2
2019,5
2018,2
2018,500
2018,3
2019,2
2018,3
2018,2
2019,21
2018,6
2019,80
2019,6
2019,25
2019,2
2019,2
2018,2
2018,3
2018,2
2018,2
2019,16
2019,33
2018,3
2018,3
2019,6
2018,2
2018,13
2018,6
2019,30
2019,2
2019,14
2019,30
2019,28
2019,4
2019,15
2019,3
2018,2
2019,11
2018,2
2019,17
2019,17
2019,5
2019,4
2018,11
2019,16
2019,13
2019,58
2019,5
2019,2
2019,9
2019,4
2019,17
2019,7
2018,56
2019,4
2019,4
2019,55
2019,3
2019,3
2019,22
2019,10
2019,6
2019,16
2019,5
2018,2
2019,4
2018,2
2019,11
2019,4
2017,5
2019,3
2019,4
2018,3
2019,23
2019,48
2019,10
2018,19
2018,16
2019,8
2018,8
2019,3
2019,13
2019,6
2019,4
2019,6
2019,5
2019,4
2019,2
2019,3
2019,5
2019,7
2019,7
2019,2
2019,5
2018,10
2018,11
2018,3
2018,2
2019,2
2019,3
2019,2
2018,3
2018,20
2019,2
2019,18
2017,3
2017,38
2018,4
2018,3
2018,15
2019,17
2019,4
2019,11
2019,2
2019,29
2018,7
2019,2
2017,3
2017,23
2017,5
2017,18
2018,100
2018,22
2019,19
2019,7
2019,2
2019,4
2018,109
2019,3
2019,6
2019,2
2019,2
2018,7
2018,16
2019,2
2019,3
2019,5
2018,7
2019,12
2019,6
2019,2
2019,153
2019,35
2019,36
2019,26
2019,6
2019,4
2019,6
2019,5
2019,2
2019,3
2019,2
2019,29
2019,13
2016,10
2018,209
2019,65
2016,6
2019,4
2019,2
2019,10
2019,2
2018,7
2019,11
2019,11
2019,2
2019,19
2019,12
2019,43
2019,7
2019,58
2019,7
2019,5
2019,4
2019,2
2019,2
2019,10
2018,22
2018,2
2019,17
2019,3
2019,2
2019,5
2019,5
2018,7
2018,40
2019,109
2019,2
2019,8
2019,2
2018,25
2019,4
2019,4
2019,29
2019,3
2019,3
2019,9
2019,3
2019,2
2019,13
2019,5
2019,3
2019,13
2019,14
2018,21
2019,167
2019,21
2019,225
2019,11
2019,4
2019,5
2019,2
2019,11
2019,16
2019,65
2019,2
2019,2
2019,32
2019,7
2019,7
2019,5
2019,4
2019,2
2019,11
2019,5
2019,6
2018,11
2018,19
2018,5
2018,18
2019,3
2018,3
2018,18
2017,5
2019,2
2019,4
2019,4
2019,7
2019,11
2019,18
2019,5
2019,9
2019,54
2019,11
2019,6
2019,19
2019,12
2019,4
2019,21
2019,21
2019,39
2019,3
2019,116
2019,5
2019,5
2019,40
2019,5
2019,5
2018,51
2019,2
2019,9
2019,6
2019,3
2019,12
2019,7
2019,5
2019,11
2019,4
2019,4
2019,2
2019,7
2019,3
2019,30
2019,14
2019,35
2019,13
2019,92
2019,14
2019,7
2019,2
2019,9
2019,3
2019,20
2019,26
2019,18
2019,3
2019,2
2019,10
2019,3
2019,5
2019,2
2019,4
2019,2
2019,4
2018,19
2019,26
2019,33
2019,2
2019,3
2019,5
2019,2
2019,11
2019,6
2017,4
2019,5
2019,4
2019,18
2019,2
2019,4
2019,39
2019,25
2019,6
2019,3
2019,2
2019,3
2019,10
2019,9
2019,11
2019,14
2019,6
2019,13
2019,5
2019,13
2019,40
2019,2
2019,8
2019,4
2018,9
2019,7
2019,3
2019,11
2019,3
2019,6
2019,6
2019,2
2019,10
2019,85
2019,2
2019,10
2019,15
2019,14
2019,17
2019,6
2019,47
2019,7
2019,3
2018,221
2019,2
2019,4
2019,23
2019,3
2019,2
2019,4
2019,4
2019,2
2019,10
2019,21
2019,5
2019,107
2018,13
2019,2
2019,4
2019,4
2019,7
2019,4
2018,29
2019,2
2019,2
2019,2
2019,2
2019,30
2019,44
2019,3
2019,2
2019,3
2019,3
2019,2
2019,5
2019,11
2019,8
2019,29
2019,16
2019,22
2019,24
2019,37
2019,38
2019,18
2019,65
2019,10
2019,2
2019,14
2019,7
2019,2
2019,16
2019,35
2019,6
2019,4
2019,48
2019,6
2019,32
2019,2
2019,5
2019,2
2019,21
2019,2
2019,4
2019,12
2019,30
2019,30
2019,9
2019,26
2019,2
2019,11
2019,10
2019,10
2019,20
2019,4
2019,12
2019,2
2019,4
2019,23
2019,28
2019,17
2019,35
2019,27
2019,3
2019,23
2019,4
2019,42
2019,8
2019,49
2019,12
2019,5
2019,15
2019,10
2019,5
2019,2
2019,17
2019,10
2019,8
2019,4
2019,3
2019,15
2019,3
2019,5
2019,60
2019,52
2019,38
2018,22
2019,72
2019,4
2019,10
2019,4
2019,13
2019,15
2019,2
2019,8
2019,6
2019,12
2019,14
2019,18
2019,28
2019,10
2019,15
2019,5
2019,5
2019,9
2019,4
2019,23
2019,3
2019,8
2019,39
2019,2
2019,3
2019,6
2019,29
2019,45
2019,16
2019,4
2019,5
2019,9
2019,25
2019,59
2019,7
2019,5
2019,13
2019,23
2019,13
2019,6
2019,10
2019,21
2020,7
2019,16
2020,9
2019,4
2019,4
2019,14
2019,2
2020,3
2019,9
2019,18
2019,13
2019,10
2020,8
2019,23
2019,5
2020,10
2019,2
2019,10
2019,5
2019,7
2019,2
2019,3
2019,2
2020,13
2020,66
2019,16
2019,25
2019,3
2020,13
2019,2
2019,7
2019,17
2019,44
2020,5
2019,2
2020,7
2019,5
2019,8
2019,3
2019,4
2019,6
2020,2
2020,2
2019,5
2020,32
2020,7
2020,11
2020,2
2020,18
2020,4
2019,50
2020,19
2019,7
2018,24
2020,18
2019,5
2020,3
2019,4
2019,5
2019,6
2019,4
2019,5
2019,7
2019,3
2019,2
2019,4
2019,2
2019,2
2019,10
2019,14
2019,21
2019,27
2019,5
2020,3
2019,21
2020,6
2019,39
2019,7
2020,11
2019,4
2020,19
2020,8
2019,4
2019,3
2020,5
2017,10
2020,8
2019,172
2019,4
2019,8
2018,4
2020,6
2019,3
2019,2
2020,4
2019,2
2019,3
2019,6
2020,15
2020,8
2019,24
2019,24
2019,11
2018,4
2019,9
2019,2
2019,4
2019,2
2019,15
2019,6
2019,14
2019,9
2019,2
2019,2
2019,10
2019,4
2019,14
2020,5
2020,11
2020,7
2019,4
2019,163
2019,3
2019,2
2019,4
2019,2
2020,17
2020,4
2017,8
2020,2
2019,11
2020,14
2019,2
2019,30
2019,25
2019,12
2020,7
2020,3
2020,4
2020,2
2020,15
2018,10
2019,5
2019,5
2019,4
2019,4
2019,6
2019,4
2019,3
2019,6
2019,3
2019,2
2019,3
2019,2
2019,2
2019,2
2019,12
2019,3
2019,2
2019,3
2018,4
2019,3
2019,20
2020,18
2019,2
2020,23
2020,9
2020,10
2020,4
2019,15
2019,3
2019,8
2019,12
2019,18
2020,3
2020,8
2020,10
2019,3
2019,52
2019,9
2019,6
2020,11
2020,4
2018,38
2019,10
2018,7
2018,7
2019,6
2019,7
2019,5
2019,11
2018,4
2019,3
2019,7
2019,10
2019,4
2019,15
2019,9
2019,6
2019,20
2019,21
2020,2
2019,9
2019,11
2019,2
2019,4
2019,5
2019,27
2019,18
2019,4
2019,21
2019,23
2019,2
2019,3
2019,14
2019,4
2020,8
2019,10
2019,4
2019,4
2019,2
2019,2
2019,2
2019,7
2019,4
2019,2
2019,4
2019,3
2019,77
2019,9
2019,4
2019,42
2019,3
2019,10
2019,2
2020,14
2019,2
2019,70
2019,49
2019,17
2019,5
2019,50
2019,12
2019,7
2020,7
2019,13
2020,2
2019,48
2019,4
2019,7
2019,13
2020,51
2020,13
2020,2
2019,97
2020,3
2020,13
2020,4
2020,8
2020,18
2020,14
2019,2
2020,6
2020,2
2020,2
2020,5
2019,2
2019,18
2020,7
2019,22
2020,10
2020,9
2020,30
2020,7
2020,2
2019,2
2019,5
2019,3
2019,2
2019,4
2020,95
2019,8
2020,2
2020,6
2020,5
2020,7
2020,4
2019,16
2019,9
2019,5
2020,40
2020,27
2020,5
2018,11
2019,10
2020,11
2019,149
2019,95
2019,12
2019,9
2019,3
2019,3
2019,5
2019,3
2016,10
2019,81
2020,5
2020,7
2020,2
2020,2
2020,4
2020,2
2020,2
2020,7
2019,15
2020,3
2020,2
2021,13
2019,303
2019,7
2020,21
2020,15
2019,2
2020,6
2020,5
2020,2
2020,5
2020,4
2020,2
2020,2
2020,15
2020,11
2020,2
2020,4
2020,37
2020,2
2020,3
2020,4
2019,20
2020,2
2020,30
2020,2
2020,2
2020,2
2020,2
2020,33
2020,35
2019,4
2019,2
2020,4
2020,9
2020,3
2020,5
2020,10
2020,2
2020,1132
2019,9
2019,38
2019,4
2019,7
2019,3
2019,4
2019,8
2020,26
2020,56
2019,26
2020,101
2019,2
2020,6
2020,24
2019,2
2020,8
2020,2
2019,6
2019,7
2020,3
2020,5
2020,2
2020,5
2019,2
2020,2
2020,2
2020,11
2020,2
2020,5
2020,2
2019,17
2019,14
2020,6
2019,12
2019,13
2020,55
2019,8
2019,2
2019,4
2019,3
2020,280
2019,64
2019,6
2019,6
2020,3
2020,2
2020,80
2020,4
2019,5
2019,6
2019,9
2019,5
2019,4
2019,4
2019,4
2019,4
2020,3
2020,3
2019,23
2020,30
2019,9
2019,32
2019,6
2019,3
2019,14
2019,15
2019,14
2019,5
2019,4
2019,16
2019,4
2019,3
2019,2
2020,2
2020,2
2016,6
2019,5
2019,5
2019,45
2019,17
2019,12
2019,18
2019,140
2020,55
2020,5
2020,4
2020,2
2020,771
2020,18
2020,32
2019,16
2019,13
2019,14
2019,7
2020,25
2018,7
2020,19
2020,47
2020,4
2020,34
2020,2
2020,2
2020,40
2020,7
2020,13
2020,8
2020,60
2020,4
2020,3
2020,2
2020,2
2020,2
2020,7
2020,2
2021,3
2020,2
2021,3
2020,5
2020,8
2020,2
2020,2
2020,4
2020,2
2021,8
2020,99
2021,7
2021,4
2021,3
2020,9
2020,4
2020,3
2020,4
2020,30
2019,13
2018,11
2021,54
2020,8
2020,36
2020,2
2020,2
2020,2
2020,36
2020,5
2020,18
2020,12
2020,2
2020,4
2020,2
2020,2
2020,2
2020,33
2020,4
2017,8
2020,2
2020,3
2020,3
2020,2
2020,7
2021,2
2020,5
2020,6
2020,30
2020,2
2020,31
2020,2
2020,3
2021,2
2021,12
2021,4
2020,4
2020,5
2020,4
2020,14
2020,3
2021,2
2021,2
2020,5
2021,28
2021,324
2020,4
2020,3
2020,17
2020,22
2020,65
2021,12
2020,12
2020,2
2021,4
2021,7
2021,3
2021,2
2021,31
2020,20
2020,5
2020,31
2021,31
2021,13
2021,2
2021,4
2021,2
2021,4
2021,22
2021,93
2021,5
2020,6
2021,6
2020,4
2020,2
2020,12
2020,2
2020,14
2021,8
2021,13
2020,4
2021,5
2021,7
2020,5
2020,3
2021,19
2021,7
2020,14
2021,4
2021,4
2020,5
2021,5
2021,4
2021,3
2021,4
2019,2
2021,2
2020,25
2020,50
2021,44
2021,10
2021,3
2021,18
2021,6
2021,7
2021,13
2021,6
2021,2
2020,7
2021,6
2021,13
2021,2
2021,23
2021,55
2020,60
2021,2
2020,6
2021,2
2020,20
2020,8
2021,7
2021,9
2021,10
2021,2
2020,58
2020,5
2021,6
2021,42
2021,12
2019,2
2021,5
2021,3
2021,3
2020,13
2021,2
2021,7
2020,11
2021,4
2021,3
2020,26
2021,8
2021,40
2021,2
2021,9
2021,4
2021,6
2021,3
2021,18
2021,10
2021,16
2020,34
2021,6
2021,2
2020,3
2020,7
2020,2
2021,110
2021,57
2021,4
2020,75
2021,4
2021,6
2021,2
2021,4
2021,4
2021,3
2021,5
2021,9
2021,9
2021,6
2021,21
2021,6
2021,6
2021,17
2021,6
2021,2
2021,3
2021,5
2021,2
2021,4
2021,2
2021,25
2021,5
2021,2
2021,4
2021,16
2021,4
2021,5
2021,11
2021,8
2021,6
2020,2
2020,15
2021,61
2021,4
2021,6
2021,11
2021,81
2021,11
2021,8
2020,20
2021,3
2021,2
2021,24
2021,3
2021,23
2021,8
2021,2
2021,3
2020,2
2021,5
2021,3
2021,2
2021,2
2021,9
2021,7
2021,30
2021,7
2021,4
2021,6
2021,34
2017,5
2021,2
2020,2
2021,2
2021,27
2021,15
2021,6
2021,3
2021,6
2021,5
2021,2
2021,87
2021,7
2021,6
2021,22
2021,4
2021,16
2021,3
2021,59
2021,5
2021,2
2021,3
2020,6
2020,2
2020,16
2021,25
2020,49
2021,2
2020,3
2020,4
2020,5
2020,178
2020,35
2021,66
2020,6
2020,3
2021,11
2020,2
2021,3
2021,6
2020,4
2021,4
2021,3
2021,3
2021,12
2021,5
2021,5
2021,3
2021,4
2021,16
2021,3
2021,10
2021,2
2021,22
2021,6
2021,7
2021,24
2021,69
2020,4
2020,18
2021,2
2021,13
2021,3
2021,84
2021,8
2021,6
2021,15
2021,5
2021,18
2021,16
2017,19
2021,8
2021,65
2021,21
2021,15
2021,2
2020,24
2019,4
2021,36
2021,5
2021,3
2021,5
2021,52
2020,6
2020,3
2020,4
2020,5
2020,15
2020,8
2020,4
2020,2
2020,4
2020,2
2020,8
2020,56
2019,19
2019,6
2019,5
2021,3
2021,31
2021,4
2021,12
2020,13
2020,41
2020,5
2020,18
2020,14
2020,8
2021,2
2021,40
2021,43
2021,9
2021,2
2021,8
2021,2
2021,12
2021,15
2021,7
2021,10
2021,11
2021,16
2021,3
2021,2
2021,6
2021,11
2021,4
2019,8
2019,3
2019,15
2021,3
2021,57
2021,4
2021,30
2021,10
2021,11
2021,3
2021,9
2021,2
2021,22
2021,50
2021,3
2021,3
2021,5
2021,43
2021,2
2021,3
2021,10
2021,4
2021,21
2021,20
2021,4
2021,24
2021,2
2021,60
2021,115
2021,34
2021,138
2021,41
2021,7
2021,24
2021,2
2021,4
2021,3
2021,13
2021,2
2019,29
2021,83
2021,7
2021,49
2021,3
2021,6
2021,21
2021,2
2021,5
2021,31
2021,26
2021,2
2021,3
2021,12
2021,17
2021,3
2021,9
2021,10
2021,4
2021,2
2021,30
2021,4
2021,7
2021,2
2021,8
2021,2
2021,8
2021,10
2021,8
2021,5
2021,5
2021,17
2021,16
2021,3
2021,36
2021,5
2021,2
2021,27
2021,2
2021,5
2021,3
2021,3
2021,5
2021,15
2021,9
2021,17
2021,4
2021,4
2021,35
2021,2
2021,12
2021,4
2021,23
2021,14
2021,3
2021,10
2021,3
2021,10
2021,15
2019,6
2021,24
2021,3
2021,2
2021,11
2021,2
2021,2
2021,3
2021,3
2021,2
2021,2
2021,70
2021,4
2021,2
2021,26
2021,17
2021,8
2021,40
2021,3
2021,42
2021,3
2021,11
2021,3
2021,48
2021,3
2021,6
2021,6
2021,21
2021,13
2021,1040
2021,6
2021,15
2021,3
2021,6
2021,25
2021,8
2021,16
2021,4
2021,24
2021,3
2021,4
2021,3
2021,2
2021,82
2021,4
2021,2
2020,8
2021,16
2021,10
2021,76
2014,8
2021,3
2021,13
2021,12
2016,10
2021,6
2021,15
2021,19
2021,16
2021,5
2021,2
2021,3
2021,15
2020,4
2021,2
2021,8
2021,2
2021,6
2021,2
2021,10
2021,3
2021,23
2021,21
2021,2
2021,5
2021,4
2021,6
2021,21
2021,12
2021,3
2021,60
2021,27
2021,2
2021,5
2021,11
2021,14
2021,4
2019,7
2021,14
2021,10
2021,4
2021,2
2021,5
2021,6
2021,2
2021,129
2021,10
2012,16
2021,23
2021,36
2021,11
2021,22
2021,6
2021,12
2018,4
2021,13
2021,6
2021,3
2021,8
2021,2
2021,8
2021,3
2021,4
2021,5
2021,5
2021,7
2021,4
2021,12
2021,10
2021,3
2021,4
2021,2
2021,2
2021,19
2021,4
2021,5
2021,6
2021,2
2021,4
2021,6
2021,5
2021,3
2021,11
2021,6
2021,5
2021,2
2021,6
2021,34
2021,34
2021,6
2021,28
2021,25
2021,2
2021,2
2021,6
2021,2
2021,4
2021,4
2014,24
2021,3
2021,28
2021,21
2020,6
2020,4
2021,3
2017,6
2021,3
2021,2
2021,3
2021,3
2021,9
2021,21
2021,2
2021,7
2021,4
